case_id,hotel_id,room_a_index,room_b_index,room_a_name,room_b_name,room_a_features,room_b_features,fuzzy_score,same_category,room_class_both_known,same_room_class,view_both_known,same_view,bed_type_both_known,same_bed_type,bed_config_both_present,same_bed_configuration,occupancy_both_known,same_occupancy,same_single_use,same_balcony,label,actual,predicted
hotel_39620741_20260722_174828,39620741,3,87,Standard B Block with land view,b block land 1-2ad+0-1ch max3,"{""category"": ""room"", ""room_class"": ""standard"", ""suite_type"": ""not_applicable"", ""club_access"": false, ""view"": ""land"", ""balcony"": false, ""terrace"": false, ""dormitory_bed_count"": null, ""dormitory_type"": ""not_applicable"", ""bed_type"": ""unknown"", ""bedroom_count"": null, ""bed_configuration"": [], ""connecting_room"": false, ""swim_up"": false, ""annex"": false, ""jacuzzi"": false, ""hot_tub"": false, ""occupancy"": null, ""single_use"": false, ""bed_relation"": ""unknown""}","{""category"": ""room"", ""room_class"": ""unknown"", ""suite_type"": ""not_applicable"", ""club_access"": false, ""view"": ""unknown"", ""balcony"": false, ""terrace"": false, ""dormitory_bed_count"": null, ""dormitory_type"": ""not_applicable"", ""bed_type"": ""unknown"", ""bedroom_count"": null, ""bed_configuration"": [], ""connecting_room"": false, ""swim_up"": false, ""annex"": false, ""jacuzzi"": false, ""hot_tub"": false, ""occupancy"": null, ""single_use"": false, ""bed_relation"": ""unknown""}",72.72727272727272,1,0,0,0,0,0,0,0,0,0,0,1,1,1,1,0
hotel_39620741_20260722_174828,39620741,3,96,Standard B Block with land view,A Block Land 2+2,"{""category"": ""room"", ""room_class"": ""standard"", ""suite_type"": ""not_applicable"", ""club_access"": false, ""view"": ""land"", ""balcony"": false, ""terrace"": false, ""dormitory_bed_count"": null, ""dormitory_type"": ""not_applicable"", ""bed_type"": ""unknown"", ""bedroom_count"": null, ""bed_configuration"": [], ""connecting_room"": false, ""swim_up"": false, ""annex"": false, ""jacuzzi"": false, ""hot_tub"": false, ""occupancy"": null, ""single_use"": false, ""bed_relation"": ""unknown""}","{""category"": ""room"", ""room_class"": ""unknown"", ""suite_type"": ""not_applicable"", ""club_access"": false, ""view"": ""unknown"", ""balcony"": false, ""terrace"": false, ""dormitory_bed_count"": null, ""dormitory_type"": ""not_applicable"", ""bed_type"": ""unknown"", ""bedroom_count"": null, ""bed_configuration"": [], ""connecting_room"": false, ""swim_up"": false, ""annex"": false, ""jacuzzi"": false, ""hot_tub"": false, ""occupancy"": null, ""single_use"": false, ""bed_relation"": ""unknown""}",83.33333333333333,1,0,0,0,0,0,0,0,0,0,0,1,1,1,1,0
hotel_39620741_20260722_174828,39620741,87,96,b block land 1-2ad+0-1ch max3,A Block Land 2+2,"{""category"": ""room"", ""room_class"": ""unknown"", ""suite_type"": ""not_applicable"", ""club_access"": false, ""view"": ""unknown"", ""balcony"": false, ""terrace"": false, ""dormitory_bed_count"": null, ""dormitory_type"": ""not_applicable"", ""bed_type"": ""unknown"", ""bedroom_count"": null, ""bed_configuration"": [], ""connecting_room"": false, ""swim_up"": false, ""annex"": false, ""jacuzzi"": false, ""hot_tub"": false, ""occupancy"": null, ""single_use"": false, ""bed_relation"": ""unknown""}","{""category"": ""room"", ""room_class"": ""unknown"", ""suite_type"": ""not_applicable"", ""club_access"": false, ""view"": ""unknown"", ""balcony"": false, ""terrace"": false, ""dormitory_bed_count"": null, ""dormitory_type"": ""not_applicable"", ""bed_type"": ""unknown"", ""bedroom_count"": null, ""bed_configuration"": [], ""connecting_room"": false, ""swim_up"": false, ""annex"": false, ""jacuzzi"": false, ""hot_tub"": false, ""occupancy"": null, ""single_use"": false, ""bed_relation"": ""unknown""}",83.33333333333333,1,0,0,0,0,0,0,0,0,0,0,1,1,1,1,0
hotel_39620741_20260722_174828,39620741,11,38,Deluxe Room,DOUBLE DELUXE,"{""category"": ""room"", ""room_class"": ""deluxe"", ""suite_type"": ""not_applicable"", ""club_access"": false, ""view"": ""unknown"", ""balcony"": false, ""terrace"": false, ""dormitory_bed_count"": null, ""dormitory_type"": ""not_applicable"", ""bed_type"": ""unknown"", ""bedroom_count"": null, ""bed_configuration"": [], ""connecting_room"": false, ""swim_up"": false, ""annex"": false, ""jacuzzi"": false, ""hot_tub"": false, ""occupancy"": null, ""single_use"": false, ""bed_relation"": ""unknown""}","{""category"": ""room"", ""room_class"": ""deluxe"", ""suite_type"": ""not_applicable"", ""club_access"": false, ""view"": ""unknown"", ""balcony"": false, ""terrace"": false, ""dormitory_bed_count"": null, ""dormitory_type"": ""not_applicable"", ""bed_type"": ""unknown"", ""bedroom_count"": null, ""bed_configuration"": [{""type"": ""double"", ""count"": null}], ""connecting_room"": false, ""swim_up"": false, ""annex"": false, ""jacuzzi"": false, ""hot_tub"": false, ""occupancy"": 2, ""single_use"": false, ""bed_relation"": ""unknown""}",70.58823529411765,1,1,1,0,0,0,0,0,0,0,0,1,1,1,1,0
hotel_39620741_20260722_174828,39620741,24,36,Standard Room Block B,DOUBLE A BLOCK ROOM,"{""category"": ""room"", ""room_class"": ""standard"", ""suite_type"": ""not_applicable"", ""club_access"": false, ""view"": ""unknown"", ""balcony"": false, ""terrace"": false, ""dormitory_bed_count"": null, ""dormitory_type"": ""not_applicable"", ""bed_type"": ""unknown"", ""bedroom_count"": null, ""bed_configuration"": [], ""connecting_room"": false, ""swim_up"": false, ""annex"": false, ""jacuzzi"": false, ""hot_tub"": false, ""occupancy"": null, ""single_use"": false, ""bed_relation"": ""unknown""}","{""category"": ""room"", ""room_class"": ""unknown"", ""suite_type"": ""not_applicable"", ""club_access"": false, ""view"": ""unknown"", ""balcony"": false, ""terrace"": false, ""dormitory_bed_count"": null, ""dormitory_type"": ""not_applicable"", ""bed_type"": ""unknown"", ""bedroom_count"": null, ""bed_configuration"": [{""type"": ""double"", ""count"": null}], ""connecting_room"": false, ""swim_up"": false, ""annex"": false, ""jacuzzi"": false, ""hot_tub"": false, ""occupancy"": 2, ""single_use"": false, ""bed_relation"": ""unknown""}",68.9655172413793,1,0,0,0,0,0,0,0,0,0,0,1,1,1,1,0
hotel_39620741_20260722_174828,39620741,24,37,Standard Room Block B,DOUBLE B BLOCK ROOM,"{""category"": ""room"", ""room_class"": ""standard"", ""suite_type"": ""not_applicable"", ""club_access"": false, ""view"": ""unknown"", ""balcony"": false, ""terrace"": false, ""dormitory_bed_count"": null, ""dormitory_type"": ""not_applicable"", ""bed_type"": ""unknown"", ""bedroom_count"": null, ""bed_configuration"": [], ""connecting_room"": false, ""swim_up"": false, ""annex"": false, ""jacuzzi"": false, ""hot_tub"": false, ""occupancy"": null, ""single_use"": false, ""bed_relation"": ""unknown""}","{""category"": ""room"", ""room_class"": ""unknown"", ""suite_type"": ""not_applicable"", ""club_access"": false, ""view"": ""unknown"", ""balcony"": false, ""terrace"": false, ""dormitory_bed_count"": null, ""dormitory_type"": ""not_applicable"", ""bed_type"": ""unknown"", ""bedroom_count"": null, ""bed_configuration"": [{""type"": ""double"", ""count"": null}], ""connecting_room"": false, ""swim_up"": false, ""annex"": false, ""jacuzzi"": false, ""hot_tub"": false, ""occupancy"": 2, ""single_use"": false, ""bed_relation"": ""unknown""}",77.41935483870968,1,0,0,0,0,0,0,0,0,0,0,1,1,1,1,0
hotel_39620741_20260722_174828,39620741,25,36,Standard Room Block A,DOUBLE A BLOCK ROOM,"{""category"": ""room"", ""room_class"": ""standard"", ""suite_type"": ""not_applicable"", ""club_access"": false, ""view"": ""unknown"", ""balcony"": false, ""terrace"": false, ""dormitory_bed_count"": null, ""dormitory_type"": ""not_applicable"", ""bed_type"": ""unknown"", ""bedroom_count"": null, ""bed_configuration"": [], ""connecting_room"": false, ""swim_up"": false, ""annex"": false, ""jacuzzi"": false, ""hot_tub"": false, ""occupancy"": null, ""single_use"": false, ""bed_relation"": ""unknown""}","{""category"": ""room"", ""room_class"": ""unknown"", ""suite_type"": ""not_applicable"", ""club_access"": false, ""view"": ""unknown"", ""balcony"": false, ""terrace"": false, ""dormitory_bed_count"": null, ""dormitory_type"": ""not_applicable"", ""bed_type"": ""unknown"", ""bedroom_count"": null, ""bed_configuration"": [{""type"": ""double"", ""count"": null}], ""connecting_room"": false, ""swim_up"": false, ""annex"": false, ""jacuzzi"": false, ""hot_tub"": false, ""occupancy"": 2, ""single_use"": false, ""bed_relation"": ""unknown""}",77.41935483870968,1,0,0,0,0,0,0,0,0,0,0,1,1,1,1,0
hotel_39620741_20260722_174828,39620741,25,37,Standard Room Block A,DOUBLE B BLOCK ROOM,"{""category"": ""room"", ""room_class"": ""standard"", ""suite_type"": ""not_applicable"", ""club_access"": false, ""view"": ""unknown"", ""balcony"": false, ""terrace"": false, ""dormitory_bed_count"": null, ""dormitory_type"": ""not_applicable"", ""bed_type"": ""unknown"", ""bedroom_count"": null, ""bed_configuration"": [], ""connecting_room"": false, ""swim_up"": false, ""annex"": false, ""jacuzzi"": false, ""hot_tub"": false, ""occupancy"": null, ""single_use"": false, ""bed_relation"": ""unknown""}","{""category"": ""room"", ""room_class"": ""unknown"", ""suite_type"": ""not_applicable"", ""club_access"": false, ""view"": ""unknown"", ""balcony"": false, ""terrace"": false, ""dormitory_bed_count"": null, ""dormitory_type"": ""not_applicable"", ""bed_type"": ""unknown"", ""bedroom_count"": null, ""bed_configuration"": [{""type"": ""double"", ""count"": null}], ""connecting_room"": false, ""swim_up"": false, ""annex"": false, ""jacuzzi"": false, ""hot_tub"": false, ""occupancy"": 2, ""single_use"": false, ""bed_relation"": ""unknown""}",68.9655172413793,1,0,0,0,0,0,0,0,0,0,0,1,1,1,1,0
hotel_39620741_20260722_174828,39620741,28,76,Bungalow Superior Standard Room,SUPERIOR BUNGALOW,"{""category"": ""bungalow"", ""room_class"": ""standard"", ""suite_type"": ""not_applicable"", ""club_access"": false, ""view"": ""unknown"", ""balcony"": false, ""terrace"": false, ""dormitory_bed_count"": null, ""dormitory_type"": ""not_applicable"", ""bed_type"": ""unknown"", ""bedroom_count"": null, ""bed_configuration"": [], ""connecting_room"": false, ""swim_up"": false, ""annex"": false, ""jacuzzi"": false, ""hot_tub"": false, ""occupancy"": null, ""single_use"": false, ""bed_relation"": ""unknown""}","{""category"": ""bungalow"", ""room_class"": ""superior"", ""suite_type"": ""not_applicable"", ""club_access"": false, ""view"": ""unknown"", ""balcony"": false, ""terrace"": false, ""dormitory_bed_count"": null, ""dormitory_type"": ""not_applicable"", ""bed_type"": ""unknown"", ""bedroom_count"": null, ""bed_configuration"": [], ""connecting_room"": false, ""swim_up"": false, ""annex"": false, ""jacuzzi"": false, ""hot_tub"": false, ""occupancy"": null, ""single_use"": false, ""bed_relation"": ""unknown""}",100.0,1,1,0,0,0,0,0,0,0,0,0,1,1,1,1,0
hotel_39620741_20260722_174828,39620741,76,6,SUPERIOR BUNGALOW,Standard Superior Double Bungalow (full double bed),"{""category"": ""bungalow"", ""room_class"": ""superior"", ""suite_type"": ""not_applicable"", ""club_access"": false, ""view"": ""unknown"", ""balcony"": false, ""terrace"": false, ""dormitory_bed_count"": null, ""dormitory_type"": ""not_applicable"", ""bed_type"": ""unknown"", ""bedroom_count"": null, ""bed_configuration"": [], ""connecting_room"": false, ""swim_up"": false, ""annex"": false, ""jacuzzi"": false, ""hot_tub"": false, ""occupancy"": null, ""single_use"": false, ""bed_relation"": ""unknown""}","{""category"": ""bungalow"", ""room_class"": ""standard"", ""suite_type"": ""not_applicable"", ""club_access"": false, ""view"": ""unknown"", ""balcony"": false, ""terrace"": false, ""dormitory_bed_count"": null, ""dormitory_type"": ""not_applicable"", ""bed_type"": ""double"", ""bedroom_count"": null, ""bed_configuration"": [{""type"": ""double"", ""count"": null}], ""connecting_room"": false, ""swim_up"": false, ""annex"": false, ""jacuzzi"": false, ""hot_tub"": false, ""occupancy"": 2, ""single_use"": false, ""bed_relation"": ""unknown""}",100.0,1,1,0,0,0,0,0,0,0,0,0,1,1,1,1,0
hotel_39620741_20260722_174828,39620741,61,62,STANDARD ROOM,TWIN/DOUBLE ROOM - MAIN BUILDING,"{""category"": ""room"", ""room_class"": ""standard"", ""suite_type"": ""not_applicable"", ""club_access"": false, ""view"": ""unknown"", ""balcony"": false, ""terrace"": false, ""dormitory_bed_count"": null, ""dormitory_type"": ""not_applicable"", ""bed_type"": ""unknown"", ""bedroom_count"": null, ""bed_configuration"": [], ""connecting_room"": false, ""swim_up"": false, ""annex"": false, ""jacuzzi"": false, ""hot_tub"": false, ""occupancy"": null, ""single_use"": false, ""bed_relation"": ""unknown""}","{""category"": ""room"", ""room_class"": ""unknown"", ""suite_type"": ""not_applicable"", ""club_access"": false, ""view"": ""unknown"", ""balcony"": false, ""terrace"": false, ""dormitory_bed_count"": null, ""dormitory_type"": ""not_applicable"", ""bed_type"": ""unknown"", ""bedroom_count"": null, ""bed_configuration"": [{""type"": ""twin"", ""count"": null}, {""type"": ""double"", ""count"": null}], ""connecting_room"": false, ""swim_up"": false, ""annex"": false, ""jacuzzi"": false, ""hot_tub"": false, ""occupancy"": 2, ""single_use"": false, ""bed_relation"": ""alternative""}",47.05882352941177,1,0,0,0,0,0,0,0,0,0,0,1,1,1,1,0
hotel_39620741_20260722_174828,39620741,79,13,BUNGALOW 2+2,Bungalow Triple,"{""category"": ""bungalow"", ""room_class"": ""unknown"", ""suite_type"": ""not_applicable"", ""club_access"": false, ""view"": ""unknown"", ""balcony"": false, ""terrace"": false, ""dormitory_bed_count"": null, ""dormitory_type"": ""not_applicable"", ""bed_type"": ""unknown"", ""bedroom_count"": null, ""bed_configuration"": [], ""connecting_room"": false, ""swim_up"": false, ""annex"": false, ""jacuzzi"": false, ""hot_tub"": false, ""occupancy"": null, ""single_use"": false, ""bed_relation"": ""unknown""}","{""category"": ""bungalow"", ""room_class"": ""unknown"", ""suite_type"": ""not_applicable"", ""club_access"": false, ""view"": ""unknown"", ""balcony"": false, ""terrace"": false, ""dormitory_bed_count"": null, ""dormitory_type"": ""not_applicable"", ""bed_type"": ""unknown"", ""bedroom_count"": null, ""bed_configuration"": [], ""connecting_room"": false, ""swim_up"": false, ""annex"": false, ""jacuzzi"": false, ""hot_tub"": false, ""occupancy"": 3, ""single_use"": false, ""bed_relation"": ""unknown""}",88.88888888888889,1,0,0,0,0,0,0,0,0,0,0,1,1,0,0,1
hotel_39620741_20260722_174828,39620741,79,56,BUNGALOW 2+2,BUNGALOW - TRIPLE,"{""category"": ""bungalow"", ""room_class"": ""unknown"", ""suite_type"": ""not_applicable"", ""club_access"": false, ""view"": ""unknown"", ""balcony"": false, ""terrace"": false, ""dormitory_bed_count"": null, ""dormitory_type"": ""not_applicable"", ""bed_type"": ""unknown"", ""bedroom_count"": null, ""bed_configuration"": [], ""connecting_room"": false, ""swim_up"": false, ""annex"": false, ""jacuzzi"": false, ""hot_tub"": false, ""occupancy"": null, ""single_use"": false, ""bed_relation"": ""unknown""}","{""category"": ""bungalow"", ""room_class"": ""unknown"", ""suite_type"": ""not_applicable"", ""club_access"": false, ""view"": ""unknown"", ""balcony"": false, ""terrace"": false, ""dormitory_bed_count"": null, ""dormitory_type"": ""not_applicable"", ""bed_type"": ""unknown"", ""bedroom_count"": null, ""bed_configuration"": [], ""connecting_room"": false, ""swim_up"": false, ""annex"": false, ""jacuzzi"": false, ""hot_tub"": false, ""occupancy"": 3, ""single_use"": false, ""bed_relation"": ""unknown""}",88.88888888888889,1,0,0,0,0,0,0,0,0,0,0,1,1,0,0,1
hotel_39620741_20260722_174828,39620741,1,6,Double Bungalow (full double bed) (bed type is subject to availability),Standard Superior Double Bungalow (full double bed),"{""category"": ""bungalow"", ""room_class"": ""unknown"", ""suite_type"": ""not_applicable"", ""club_access"": false, ""view"": ""unknown"", ""balcony"": false, ""terrace"": false, ""dormitory_bed_count"": null, ""dormitory_type"": ""not_applicable"", ""bed_type"": ""double"", ""bedroom_count"": null, ""bed_configuration"": [{""type"": ""double"", ""count"": null}], ""connecting_room"": false, ""swim_up"": false, ""annex"": false, ""jacuzzi"": false, ""hot_tub"": false, ""occupancy"": 2, ""single_use"": false, ""bed_relation"": ""unknown""}","{""category"": ""bungalow"", ""room_class"": ""standard"", ""suite_type"": ""not_applicable"", ""club_access"": false, ""view"": ""unknown"", ""balcony"": false, ""terrace"": false, ""dormitory_bed_count"": null, ""dormitory_type"": ""not_applicable"", ""bed_type"": ""double"", ""bedroom_count"": null, ""bed_configuration"": [{""type"": ""double"", ""count"": null}], ""connecting_room"": false, ""swim_up"": false, ""annex"": false, ""jacuzzi"": false, ""hot_tub"": false, ""occupancy"": 2, ""single_use"": false, ""bed_relation"": ""unknown""}",100.0,1,0,0,0,0,1,1,1,1,1,1,1,1,0,0,1
hotel_39620741_20260722_174828,39620741,35,6,DOUBLE BUNGALOW ROOM,Standard Superior Double Bungalow (full double bed),"{""category"": ""bungalow"", ""room_class"": ""unknown"", ""suite_type"": ""not_applicable"", ""club_access"": false, ""view"": ""unknown"", ""balcony"": false, ""terrace"": false, ""dormitory_bed_count"": null, ""dormitory_type"": ""not_applicable"", ""bed_type"": ""unknown"", ""bedroom_count"": null, ""bed_configuration"": [{""type"": ""double"", ""count"": null}], ""connecting_room"": false, ""swim_up"": false, ""annex"": false, ""jacuzzi"": false, ""hot_tub"": false, ""occupancy"": 2, ""single_use"": false, ""bed_relation"": ""unknown""}","{""category"": ""bungalow"", ""room_class"": ""standard"", ""suite_type"": ""not_applicable"", ""club_access"": false, ""view"": ""unknown"", ""balcony"": false, ""terrace"": false, ""dormitory_bed_count"": null, ""dormitory_type"": ""not_applicable"", ""bed_type"": ""double"", ""bedroom_count"": null, ""bed_configuration"": [{""type"": ""double"", ""count"": null}], ""connecting_room"": false, ""swim_up"": false, ""annex"": false, ""jacuzzi"": false, ""hot_tub"": false, ""occupancy"": 2, ""single_use"": false, ""bed_relation"": ""unknown""}",85.71428571428571,1,0,0,0,0,0,0,1,1,1,1,1,1,0,0,1
hotel_39620741_20260722_174828,39620741,79,28,BUNGALOW 2+2,Bungalow Superior Standard Room,"{""category"": ""bungalow"", ""room_class"": ""unknown"", ""suite_type"": ""not_applicable"", ""club_access"": false, ""view"": ""unknown"", ""balcony"": false, ""terrace"": false, ""dormitory_bed_count"": null, ""dormitory_type"": ""not_applicable"", ""bed_type"": ""unknown"", ""bedroom_count"": null, ""bed_configuration"": [], ""connecting_room"": false, ""swim_up"": false, ""annex"": false, ""jacuzzi"": false, ""hot_tub"": false, ""occupancy"": null, ""single_use"": false, ""bed_relation"": ""unknown""}","{""category"": ""bungalow"", ""room_class"": ""standard"", ""suite_type"": ""not_applicable"", ""club_access"": false, ""view"": ""unknown"", ""balcony"": false, ""terrace"": false, ""dormitory_bed_count"": null, ""dormitory_type"": ""not_applicable"", ""bed_type"": ""unknown"", ""bedroom_count"": null, ""bed_configuration"": [], ""connecting_room"": false, ""swim_up"": false, ""annex"": false, ""jacuzzi"": false, ""hot_tub"": false, ""occupancy"": null, ""single_use"": false, ""bed_relation"": ""unknown""}",88.88888888888889,1,0,0,0,0,0,0,0,0,0,0,1,1,0,0,1
hotel_39620741_20260722_174828,39620741,79,76,BUNGALOW 2+2,SUPERIOR BUNGALOW,"{""category"": ""bungalow"", ""room_class"": ""unknown"", ""suite_type"": ""not_applicable"", ""club_access"": false, ""view"": ""unknown"", ""balcony"": false, ""terrace"": false, ""dormitory_bed_count"": null, ""dormitory_type"": ""not_applicable"", ""bed_type"": ""unknown"", ""bedroom_count"": null, ""bed_configuration"": [], ""connecting_room"": false, ""swim_up"": false, ""annex"": false, ""jacuzzi"": false, ""hot_tub"": false, ""occupancy"": null, ""single_use"": false, ""bed_relation"": ""unknown""}","{""category"": ""bungalow"", ""room_class"": ""superior"", ""suite_type"": ""not_applicable"", ""club_access"": false, ""view"": ""unknown"", ""balcony"": false, ""terrace"": false, ""dormitory_bed_count"": null, ""dormitory_type"": ""not_applicable"", ""bed_type"": ""unknown"", ""bedroom_count"": null, ""bed_configuration"": [], ""connecting_room"": false, ""swim_up"": false, ""annex"": false, ""jacuzzi"": false, ""hot_tub"": false, ""occupancy"": null, ""single_use"": false, ""bed_relation"": ""unknown""}",88.88888888888889,1,0,0,0,0,0,0,0,0,0,0,1,1,0,0,1
hotel_39620741_20260722_174828,39620741,79,6,BUNGALOW 2+2,Standard Superior Double Bungalow (full double bed),"{""category"": ""bungalow"", ""room_class"": ""unknown"", ""suite_type"": ""not_applicable"", ""club_access"": false, ""view"": ""unknown"", ""balcony"": false, ""terrace"": false, ""dormitory_bed_count"": null, ""dormitory_type"": ""not_applicable"", ""bed_type"": ""unknown"", ""bedroom_count"": null, ""bed_configuration"": [], ""connecting_room"": false, ""swim_up"": false, ""annex"": false, ""jacuzzi"": false, ""hot_tub"": false, ""occupancy"": null, ""single_use"": false, ""bed_relation"": ""unknown""}","{""category"": ""bungalow"", ""room_class"": ""standard"", ""suite_type"": ""not_applicable"", ""club_access"": false, ""view"": ""unknown"", ""balcony"": false, ""terrace"": false, ""dormitory_bed_count"": null, ""dormitory_type"": ""not_applicable"", ""bed_type"": ""double"", ""bedroom_count"": null, ""bed_configuration"": [{""type"": ""double"", ""count"": null}], ""connecting_room"": false, ""swim_up"": false, ""annex"": false, ""jacuzzi"": false, ""hot_tub"": false, ""occupancy"": 2, ""single_use"": false, ""bed_relation"": ""unknown""}",88.88888888888889,1,0,0,0,0,0,0,0,0,0,0,1,1,0,0,1
hotel_39620741_20260722_174828,39620741,9,6,Double Bungalow (full double bed) (sofa),Standard Superior Double Bungalow (full double bed),"{""category"": ""bungalow"", ""room_class"": ""unknown"", ""suite_type"": ""not_applicable"", ""club_access"": false, ""view"": ""unknown"", ""balcony"": false, ""terrace"": false, ""dormitory_bed_count"": null, ""dormitory_type"": ""not_applicable"", ""bed_type"": ""double"", ""bedroom_count"": null, ""bed_configuration"": [{""type"": ""double"", ""count"": null}], ""connecting_room"": false, ""swim_up"": false, ""annex"": false, ""jacuzzi"": false, ""hot_tub"": false, ""occupancy"": 2, ""single_use"": false, ""bed_relation"": ""unknown""}","{""category"": ""bungalow"", ""room_class"": ""standard"", ""suite_type"": ""not_applicable"", ""club_access"": false, ""view"": ""unknown"", ""balcony"": false, ""terrace"": false, ""dormitory_bed_count"": null, ""dormitory_type"": ""not_applicable"", ""bed_type"": ""double"", ""bedroom_count"": null, ""bed_configuration"": [{""type"": ""double"", ""count"": null}], ""connecting_room"": false, ""swim_up"": false, ""annex"": false, ""jacuzzi"": false, ""hot_tub"": false, ""occupancy"": 2, ""single_use"": false, ""bed_relation"": ""unknown""}",90.56603773584904,1,0,0,0,0,1,1,1,1,1,1,1,1,0,0,1
hotel_39620741_20260722_174828,39620741,35,130,DOUBLE BUNGALOW ROOM,"Bungalow Triple,1 Double Bed and 1 Twin Sofa Bed","{""category"": ""bungalow"", ""room_class"": ""unknown"", ""suite_type"": ""not_applicable"", ""club_access"": false, ""view"": ""unknown"", ""balcony"": false, ""terrace"": false, ""dormitory_bed_count"": null, ""dormitory_type"": ""not_applicable"", ""bed_type"": ""unknown"", ""bedroom_count"": null, ""bed_configuration"": [{""type"": ""double"", ""count"": null}], ""connecting_room"": false, ""swim_up"": false, ""annex"": false, ""jacuzzi"": false, ""hot_tub"": false, ""occupancy"": 2, ""single_use"": false, ""bed_relation"": ""unknown""}","{""category"": ""bungalow"", ""room_class"": ""unknown"", ""suite_type"": ""not_applicable"", ""club_access"": false, ""view"": ""unknown"", ""balcony"": false, ""terrace"": false, ""dormitory_bed_count"": null, ""dormitory_type"": ""not_applicable"", ""bed_type"": ""unknown"", ""bedroom_count"": null, ""bed_configuration"": [{""type"": ""double"", ""count"": 1}, {""type"": ""sofa"", ""count"": 1}, {""type"": ""twin"", ""count"": 1}], ""connecting_room"": false, ""swim_up"": false, ""annex"": false, ""jacuzzi"": false, ""hot_tub"": false, ""occupancy"": 3, ""single_use"": false, ""bed_relation"": ""combined""}",85.71428571428571,1,0,0,0,0,0,0,1,0,1,0,1,1,0,0,1
hotel_39620741_20260722_174828,39620741,35,138,DOUBLE BUNGALOW ROOM,"Bungalow Triple , 1 Double Bed and 1 Twin Sofa Bed","{""category"": ""bungalow"", ""room_class"": ""unknown"", ""suite_type"": ""not_applicable"", ""club_access"": false, ""view"": ""unknown"", ""balcony"": false, ""terrace"": false, ""dormitory_bed_count"": null, ""dormitory_type"": ""not_applicable"", ""bed_type"": ""unknown"", ""bedroom_count"": null, ""bed_configuration"": [{""type"": ""double"", ""count"": null}], ""connecting_room"": false, ""swim_up"": false, ""annex"": false, ""jacuzzi"": false, ""hot_tub"": false, ""occupancy"": 2, ""single_use"": false, ""bed_relation"": ""unknown""}","{""category"": ""bungalow"", ""room_class"": ""unknown"", ""suite_type"": ""not_applicable"", ""club_access"": false, ""view"": ""unknown"", ""balcony"": false, ""terrace"": false, ""dormitory_bed_count"": null, ""dormitory_type"": ""not_applicable"", ""bed_type"": ""unknown"", ""bedroom_count"": null, ""bed_configuration"": [{""type"": ""double"", ""count"": 1}, {""type"": ""sofa"", ""count"": 1}, {""type"": ""twin"", ""count"": 1}], ""connecting_room"": false, ""swim_up"": false, ""annex"": false, ""jacuzzi"": false, ""hot_tub"": false, ""occupancy"": 3, ""single_use"": false, ""bed_relation"": ""combined""}",85.71428571428571,1,0,0,0,0,0,0,1,0,1,0,1,1,0,0,1
hotel_39620741_20260722_174828,39620741,79,125,BUNGALOW 2+2,"Bungalow 2+2,1 Double Bed and 1 Twin Sofa Bed","{""category"": ""bungalow"", ""room_class"": ""unknown"", ""suite_type"": ""not_applicable"", ""club_access"": false, ""view"": ""unknown"", ""balcony"": false, ""terrace"": false, ""dormitory_bed_count"": null, ""dormitory_type"": ""not_applicable"", ""bed_type"": ""unknown"", ""bedroom_count"": null, ""bed_configuration"": [], ""connecting_room"": false, ""swim_up"": false, ""annex"": false, ""jacuzzi"": false, ""hot_tub"": false, ""occupancy"": null, ""single_use"": false, ""bed_relation"": ""unknown""}","{""category"": ""bungalow"", ""room_class"": ""unknown"", ""suite_type"": ""not_applicable"", ""club_access"": false, ""view"": ""unknown"", ""balcony"": false, ""terrace"": false, ""dormitory_bed_count"": null, ""dormitory_type"": ""not_applicable"", ""bed_type"": ""unknown"", ""bedroom_count"": null, ""bed_configuration"": [{""type"": ""double"", ""count"": 1}, {""type"": ""sofa"", ""count"": 1}, {""type"": ""twin"", ""count"": 1}], ""connecting_room"": false, ""swim_up"": false, ""annex"": false, ""jacuzzi"": false, ""hot_tub"": false, ""occupancy"": 2, ""single_use"": false, ""bed_relation"": ""combined""}",100.0,1,0,0,0,0,0,0,0,0,0,0,1,1,0,0,1
hotel_39620741_20260722_174828,39620741,79,130,BUNGALOW 2+2,"Bungalow Triple,1 Double Bed and 1 Twin Sofa Bed","{""category"": ""bungalow"", ""room_class"": ""unknown"", ""suite_type"": ""not_applicable"", ""club_access"": false, ""view"": ""unknown"", ""balcony"": false, ""terrace"": false, ""dormitory_bed_count"": null, ""dormitory_type"": ""not_applicable"", ""bed_type"": ""unknown"", ""bedroom_count"": null, ""bed_configuration"": [], ""connecting_room"": false, ""swim_up"": false, ""annex"": false, ""jacuzzi"": false, ""hot_tub"": false, ""occupancy"": null, ""single_use"": false, ""bed_relation"": ""unknown""}","{""category"": ""bungalow"", ""room_class"": ""unknown"", ""suite_type"": ""not_applicable"", ""club_access"": false, ""view"": ""unknown"", ""balcony"": false, ""terrace"": false, ""dormitory_bed_count"": null, ""dormitory_type"": ""not_applicable"", ""bed_type"": ""unknown"", ""bedroom_count"": null, ""bed_configuration"": [{""type"": ""double"", ""count"": 1}, {""type"": ""sofa"", ""count"": 1}, {""type"": ""twin"", ""count"": 1}], ""connecting_room"": false, ""swim_up"": false, ""annex"": false, ""jacuzzi"": false, ""hot_tub"": false, ""occupancy"": 3, ""single_use"": false, ""bed_relation"": ""combined""}",88.88888888888889,1,0,0,0,0,0,0,0,0,0,0,1,1,0,0,1
hotel_39620741_20260722_174828,39620741,79,138,BUNGALOW 2+2,"Bungalow Triple , 1 Double Bed and 1 Twin Sofa Bed","{""category"": ""bungalow"", ""room_class"": ""unknown"", ""suite_type"": ""not_applicable"", ""club_access"": false, ""view"": ""unknown"", ""balcony"": false, ""terrace"": false, ""dormitory_bed_count"": null, ""dormitory_type"": ""not_applicable"", ""bed_type"": ""unknown"", ""bedroom_count"": null, ""bed_configuration"": [], ""connecting_room"": false, ""swim_up"": false, ""annex"": false, ""jacuzzi"": false, ""hot_tub"": false, ""occupancy"": null, ""single_use"": false, ""bed_relation"": ""unknown""}","{""category"": ""bungalow"", ""room_class"": ""unknown"", ""suite_type"": ""not_applicable"", ""club_access"": false, ""view"": ""unknown"", ""balcony"": false, ""terrace"": false, ""dormitory_bed_count"": null, ""dormitory_type"": ""not_applicable"", ""bed_type"": ""unknown"", ""bedroom_count"": null, ""bed_configuration"": [{""type"": ""double"", ""count"": 1}, {""type"": ""sofa"", ""count"": 1}, {""type"": ""twin"", ""count"": 1}], ""connecting_room"": false, ""swim_up"": false, ""annex"": false, ""jacuzzi"": false, ""hot_tub"": false, ""occupancy"": 3, ""single_use"": false, ""bed_relation"": ""combined""}",88.88888888888889,1,0,0,0,0,0,0,0,0,0,0,1,1,0,0,1
hotel_39620741_20260722_174828,39620741,8,130,Double Bungalow (full double bed),"Bungalow Triple,1 Double Bed and 1 Twin Sofa Bed","{""category"": ""bungalow"", ""room_class"": ""unknown"", ""suite_type"": ""not_applicable"", ""club_access"": false, ""view"": ""unknown"", ""balcony"": false, ""terrace"": false, ""dormitory_bed_count"": null, ""dormitory_type"": ""not_applicable"", ""bed_type"": ""double"", ""bedroom_count"": null, ""bed_configuration"": [{""type"": ""double"", ""count"": null}], ""connecting_room"": false, ""swim_up"": false, ""annex"": false, ""jacuzzi"": false, ""hot_tub"": false, ""occupancy"": 2, ""single_use"": false, ""bed_relation"": ""unknown""}","{""category"": ""bungalow"", ""room_class"": ""unknown"", ""suite_type"": ""not_applicable"", ""club_access"": false, ""view"": ""unknown"", ""balcony"": false, ""terrace"": false, ""dormitory_bed_count"": null, ""dormitory_type"": ""not_applicable"", ""bed_type"": ""unknown"", ""bedroom_count"": null, ""bed_configuration"": [{""type"": ""double"", ""count"": 1}, {""type"": ""sofa"", ""count"": 1}, {""type"": ""twin"", ""count"": 1}], ""connecting_room"": false, ""swim_up"": false, ""annex"": false, ""jacuzzi"": false, ""hot_tub"": false, ""occupancy"": 3, ""single_use"": false, ""bed_relation"": ""combined""}",88.37209302325581,1,0,0,0,0,0,0,1,0,1,0,1,1,0,0,1
hotel_39620741_20260722_174828,39620741,8,138,Double Bungalow (full double bed),"Bungalow Triple , 1 Double Bed and 1 Twin Sofa Bed","{""category"": ""bungalow"", ""room_class"": ""unknown"", ""suite_type"": ""not_applicable"", ""club_access"": false, ""view"": ""unknown"", ""balcony"": false, ""terrace"": false, ""dormitory_bed_count"": null, ""dormitory_type"": ""not_applicable"", ""bed_type"": ""double"", ""bedroom_count"": null, ""bed_configuration"": [{""type"": ""double"", ""count"": null}], ""connecting_room"": false, ""swim_up"": false, ""annex"": false, ""jacuzzi"": false, ""hot_tub"": false, ""occupancy"": 2, ""single_use"": false, ""bed_relation"": ""unknown""}","{""category"": ""bungalow"", ""room_class"": ""unknown"", ""suite_type"": ""not_applicable"", ""club_access"": false, ""view"": ""unknown"", ""balcony"": false, ""terrace"": false, ""dormitory_bed_count"": null, ""dormitory_type"": ""not_applicable"", ""bed_type"": ""unknown"", ""bedroom_count"": null, ""bed_configuration"": [{""type"": ""double"", ""count"": 1}, {""type"": ""sofa"", ""count"": 1}, {""type"": ""twin"", ""count"": 1}], ""connecting_room"": false, ""swim_up"": false, ""annex"": false, ""jacuzzi"": false, ""hot_tub"": false, ""occupancy"": 3, ""single_use"": false, ""bed_relation"": ""combined""}",88.37209302325581,1,0,0,0,0,0,0,1,0,1,0,1,1,0,0,1
hotel_39620741_20260722_174828,39620741,2,15,B Block Land,"A Block Land Triple , 2 Twin Beds","{""category"": ""room"", ""room_class"": ""unknown"", ""suite_type"": ""not_applicable"", ""club_access"": false, ""view"": ""unknown"", ""balcony"": false, ""terrace"": false, ""dormitory_bed_count"": null, ""dormitory_type"": ""not_applicable"", ""bed_type"": ""unknown"", ""bedroom_count"": null, ""bed_configuration"": [], ""connecting_room"": false, ""swim_up"": false, ""annex"": false, ""jacuzzi"": false, ""hot_tub"": false, ""occupancy"": null, ""single_use"": false, ""bed_relation"": ""unknown""}","{""category"": ""room"", ""room_class"": ""unknown"", ""suite_type"": ""not_applicable"", ""club_access"": false, ""view"": ""unknown"", ""balcony"": false, ""terrace"": false, ""dormitory_bed_count"": null, ""dormitory_type"": ""not_applicable"", ""bed_type"": ""unknown"", ""bedroom_count"": null, ""bed_configuration"": [{""type"": ""twin"", ""count"": 2}], ""connecting_room"": false, ""swim_up"": false, ""annex"": false, ""jacuzzi"": false, ""hot_tub"": false, ""occupancy"": 3, ""single_use"": false, ""bed_relation"": ""unknown""}",90.9090909090909,1,0,0,0,0,0,0,0,0,0,0,1,1,0,0,1
hotel_39620741_20260722_174828,39620741,2,127,B Block Land,"A Block Land Triple,2 Twin Beds","{""category"": ""room"", ""room_class"": ""unknown"", ""suite_type"": ""not_applicable"", ""club_access"": false, ""view"": ""unknown"", ""balcony"": false, ""terrace"": false, ""dormitory_bed_count"": null, ""dormitory_type"": ""not_applicable"", ""bed_type"": ""unknown"", ""bedroom_count"": null, ""bed_configuration"": [], ""connecting_room"": false, ""swim_up"": false, ""annex"": false, ""jacuzzi"": false, ""hot_tub"": false, ""occupancy"": null, ""single_use"": false, ""bed_relation"": ""unknown""}","{""category"": ""room"", ""room_class"": ""unknown"", ""suite_type"": ""not_applicable"", ""club_access"": false, ""view"": ""unknown"", ""balcony"": false, ""terrace"": false, ""dormitory_bed_count"": null, ""dormitory_type"": ""not_applicable"", ""bed_type"": ""unknown"", ""bedroom_count"": null, ""bed_configuration"": [{""type"": ""twin"", ""count"": 2}], ""connecting_room"": false, ""swim_up"": false, ""annex"": false, ""jacuzzi"": false, ""hot_tub"": false, ""occupancy"": 3, ""single_use"": false, ""bed_relation"": ""unknown""}",90.9090909090909,1,0,0,0,0,0,0,0,0,0,0,1,1,0,0,1
hotel_39620741_20260722_174828,39620741,2,91,B Block Land,"a block land , 2 twin beds","{""category"": ""room"", ""room_class"": ""unknown"", ""suite_type"": ""not_applicable"", ""club_access"": false, ""view"": ""unknown"", ""balcony"": false, ""terrace"": false, ""dormitory_bed_count"": null, ""dormitory_type"": ""not_applicable"", ""bed_type"": ""unknown"", ""bedroom_count"": null, ""bed_configuration"": [], ""connecting_room"": false, ""swim_up"": false, ""annex"": false, ""jacuzzi"": false, ""hot_tub"": false, ""occupancy"": null, ""single_use"": false, ""bed_relation"": ""unknown""}","{""category"": ""room"", ""room_class"": ""unknown"", ""suite_type"": ""not_applicable"", ""club_access"": false, ""view"": ""unknown"", ""balcony"": false, ""terrace"": false, ""dormitory_bed_count"": null, ""dormitory_type"": ""not_applicable"", ""bed_type"": ""twin"", ""bedroom_count"": null, ""bed_configuration"": [{""type"": ""twin"", ""count"": 2}], ""connecting_room"": false, ""swim_up"": false, ""annex"": false, ""jacuzzi"": false, ""hot_tub"": false, ""occupancy"": 2, ""single_use"": false, ""bed_relation"": ""unknown""}",90.9090909090909,1,0,0,0,0,0,0,0,0,0,0,1,1,0,0,1
hotel_39620741_20260722_174828,39620741,2,126,B Block Land,"A Block Land 2+2,2 Twin Beds","{""category"": ""room"", ""room_class"": ""unknown"", ""suite_type"": ""not_applicable"", ""club_access"": false, ""view"": ""unknown"", ""balcony"": false, ""terrace"": false, ""dormitory_bed_count"": null, ""dormitory_type"": ""not_applicable"", ""bed_type"": ""unknown"", ""bedroom_count"": null, ""bed_configuration"": [], ""connecting_room"": false, ""swim_up"": false, ""annex"": false, ""jacuzzi"": false, ""hot_tub"": false, ""occupancy"": null, ""single_use"": false, ""bed_relation"": ""unknown""}","{""category"": ""room"", ""room_class"": ""unknown"", ""suite_type"": ""not_applicable"", ""club_access"": false, ""view"": ""unknown"", ""balcony"": false, ""terrace"": false, ""dormitory_bed_count"": null, ""dormitory_type"": ""not_applicable"", ""bed_type"": ""unknown"", ""bedroom_count"": null, ""bed_configuration"": [{""type"": ""twin"", ""count"": 2}], ""connecting_room"": false, ""swim_up"": false, ""annex"": false, ""jacuzzi"": false, ""hot_tub"": false, ""occupancy"": 2, ""single_use"": false, ""bed_relation"": ""unknown""}",90.9090909090909,1,0,0,0,0,0,0,0,0,0,0,1,1,0,0,1
hotel_39620741_20260722_174828,39620741,47,109,A BLOCK LAND,"A Block Land,2 Twin Beds","{""category"": ""room"", ""room_class"": ""unknown"", ""suite_type"": ""not_applicable"", ""club_access"": false, ""view"": ""unknown"", ""balcony"": false, ""terrace"": false, ""dormitory_bed_count"": null, ""dormitory_type"": ""not_applicable"", ""bed_type"": ""unknown"", ""bedroom_count"": null, ""bed_configuration"": [], ""connecting_room"": false, ""swim_up"": false, ""annex"": false, ""jacuzzi"": false, ""hot_tub"": false, ""occupancy"": null, ""single_use"": false, ""bed_relation"": ""unknown""}","{""category"": ""room"", ""room_class"": ""unknown"", ""suite_type"": ""not_applicable"", ""club_access"": false, ""view"": ""unknown"", ""balcony"": false, ""terrace"": false, ""dormitory_bed_count"": null, ""dormitory_type"": ""not_applicable"", ""bed_type"": ""unknown"", ""bedroom_count"": null, ""bed_configuration"": [{""type"": ""twin"", ""count"": 2}], ""connecting_room"": false, ""swim_up"": false, ""annex"": false, ""jacuzzi"": false, ""hot_tub"": false, ""occupancy"": 2, ""single_use"": false, ""bed_relation"": ""unknown""}",100.0,1,0,0,0,0,0,0,0,0,0,0,1,1,0,0,1
hotel_39620741_20260722_174828,39620741,96,15,A Block Land 2+2,"A Block Land Triple , 2 Twin Beds","{""category"": ""room"", ""room_class"": ""unknown"", ""suite_type"": ""not_applicable"", ""club_access"": false, ""view"": ""unknown"", ""balcony"": false, ""terrace"": false, ""dormitory_bed_count"": null, ""dormitory_type"": ""not_applicable"", ""bed_type"": ""unknown"", ""bedroom_count"": null, ""bed_configuration"": [], ""connecting_room"": false, ""swim_up"": false, ""annex"": false, ""jacuzzi"": false, ""hot_tub"": false, ""occupancy"": null, ""single_use"": false, ""bed_relation"": ""unknown""}","{""category"": ""room"", ""room_class"": ""unknown"", ""suite_type"": ""not_applicable"", ""club_access"": false, ""view"": ""unknown"", ""balcony"": false, ""terrace"": false, ""dormitory_bed_count"": null, ""dormitory_type"": ""not_applicable"", ""bed_type"": ""unknown"", ""bedroom_count"": null, ""bed_configuration"": [{""type"": ""twin"", ""count"": 2}], ""connecting_room"": false, ""swim_up"": false, ""annex"": false, ""jacuzzi"": false, ""hot_tub"": false, ""occupancy"": 3, ""single_use"": false, ""bed_relation"": ""unknown""}",100.0,1,0,0,0,0,0,0,0,0,0,0,1,1,0,0,1
hotel_39620741_20260722_174828,39620741,96,127,A Block Land 2+2,"A Block Land Triple,2 Twin Beds","{""category"": ""room"", ""room_class"": ""unknown"", ""suite_type"": ""not_applicable"", ""club_access"": false, ""view"": ""unknown"", ""balcony"": false, ""terrace"": false, ""dormitory_bed_count"": null, ""dormitory_type"": ""not_applicable"", ""bed_type"": ""unknown"", ""bedroom_count"": null, ""bed_configuration"": [], ""connecting_room"": false, ""swim_up"": false, ""annex"": false, ""jacuzzi"": false, ""hot_tub"": false, ""occupancy"": null, ""single_use"": false, ""bed_relation"": ""unknown""}","{""category"": ""room"", ""room_class"": ""unknown"", ""suite_type"": ""not_applicable"", ""club_access"": false, ""view"": ""unknown"", ""balcony"": false, ""terrace"": false, ""dormitory_bed_count"": null, ""dormitory_type"": ""not_applicable"", ""bed_type"": ""unknown"", ""bedroom_count"": null, ""bed_configuration"": [{""type"": ""twin"", ""count"": 2}], ""connecting_room"": false, ""swim_up"": false, ""annex"": false, ""jacuzzi"": false, ""hot_tub"": false, ""occupancy"": 3, ""single_use"": false, ""bed_relation"": ""unknown""}",100.0,1,0,0,0,0,0,0,0,0,0,0,1,1,0,0,1
hotel_39620741_20260722_174828,39620741,96,91,A Block Land 2+2,"a block land , 2 twin beds","{""category"": ""room"", ""room_class"": ""unknown"", ""suite_type"": ""not_applicable"", ""club_access"": false, ""view"": ""unknown"", ""balcony"": false, ""terrace"": false, ""dormitory_bed_count"": null, ""dormitory_type"": ""not_applicable"", ""bed_type"": ""unknown"", ""bedroom_count"": null, ""bed_configuration"": [], ""connecting_room"": false, ""swim_up"": false, ""annex"": false, ""jacuzzi"": false, ""hot_tub"": false, ""occupancy"": null, ""single_use"": false, ""bed_relation"": ""unknown""}","{""category"": ""room"", ""room_class"": ""unknown"", ""suite_type"": ""not_applicable"", ""club_access"": false, ""view"": ""unknown"", ""balcony"": false, ""terrace"": false, ""dormitory_bed_count"": null, ""dormitory_type"": ""not_applicable"", ""bed_type"": ""twin"", ""bedroom_count"": null, ""bed_configuration"": [{""type"": ""twin"", ""count"": 2}], ""connecting_room"": false, ""swim_up"": false, ""annex"": false, ""jacuzzi"": false, ""hot_tub"": false, ""occupancy"": 2, ""single_use"": false, ""bed_relation"": ""unknown""}",100.0,1,0,0,0,0,0,0,0,0,0,0,1,1,0,0,1
hotel_39620741_20260722_174828,39620741,96,126,A Block Land 2+2,"A Block Land 2+2,2 Twin Beds","{""category"": ""room"", ""room_class"": ""unknown"", ""suite_type"": ""not_applicable"", ""club_access"": false, ""view"": ""unknown"", ""balcony"": false, ""terrace"": false, ""dormitory_bed_count"": null, ""dormitory_type"": ""not_applicable"", ""bed_type"": ""unknown"", ""bedroom_count"": null, ""bed_configuration"": [], ""connecting_room"": false, ""swim_up"": false, ""annex"": false, ""jacuzzi"": false, ""hot_tub"": false, ""occupancy"": null, ""single_use"": false, ""bed_relation"": ""unknown""}","{""category"": ""room"", ""room_class"": ""unknown"", ""suite_type"": ""not_applicable"", ""club_access"": false, ""view"": ""unknown"", ""balcony"": false, ""terrace"": false, ""dormitory_bed_count"": null, ""dormitory_type"": ""not_applicable"", ""bed_type"": ""unknown"", ""bedroom_count"": null, ""bed_configuration"": [{""type"": ""twin"", ""count"": 2}], ""connecting_room"": false, ""swim_up"": false, ""annex"": false, ""jacuzzi"": false, ""hot_tub"": false, ""occupancy"": 2, ""single_use"": false, ""bed_relation"": ""unknown""}",100.0,1,0,0,0,0,0,0,0,0,0,0,1,1,0,0,1
hotel_39620741_20260722_174828,39620741,2,120,B Block Land,A Block Land Triple,"{""category"": ""room"", ""room_class"": ""unknown"", ""suite_type"": ""not_applicable"", ""club_access"": false, ""view"": ""unknown"", ""balcony"": false, ""terrace"": false, ""dormitory_bed_count"": null, ""dormitory_type"": ""not_applicable"", ""bed_type"": ""unknown"", ""bedroom_count"": null, ""bed_configuration"": [], ""connecting_room"": false, ""swim_up"": false, ""annex"": false, ""jacuzzi"": false, ""hot_tub"": false, ""occupancy"": null, ""single_use"": false, ""bed_relation"": ""unknown""}","{""category"": ""room"", ""room_class"": ""unknown"", ""suite_type"": ""not_applicable"", ""club_access"": false, ""view"": ""unknown"", ""balcony"": false, ""terrace"": false, ""dormitory_bed_count"": null, ""dormitory_type"": ""not_applicable"", ""bed_type"": ""unknown"", ""bedroom_count"": null, ""bed_configuration"": [], ""connecting_room"": false, ""swim_up"": false, ""annex"": false, ""jacuzzi"": false, ""hot_tub"": false, ""occupancy"": 3, ""single_use"": false, ""bed_relation"": ""unknown""}",90.9090909090909,1,0,0,0,0,0,0,0,0,0,0,1,1,0,0,1
hotel_39620741_20260722_174828,39620741,47,118,A BLOCK LAND,B Block Land Triple,"{""category"": ""room"", ""room_class"": ""unknown"", ""suite_type"": ""not_applicable"", ""club_access"": false, ""view"": ""unknown"", ""balcony"": false, ""terrace"": false, ""dormitory_bed_count"": null, ""dormitory_type"": ""not_applicable"", ""bed_type"": ""unknown"", ""bedroom_count"": null, ""bed_configuration"": [], ""connecting_room"": false, ""swim_up"": false, ""annex"": false, ""jacuzzi"": false, ""hot_tub"": false, ""occupancy"": null, ""single_use"": false, ""bed_relation"": ""unknown""}","{""category"": ""room"", ""room_class"": ""unknown"", ""suite_type"": ""not_applicable"", ""club_access"": false, ""view"": ""unknown"", ""balcony"": false, ""terrace"": false, ""dormitory_bed_count"": null, ""dormitory_type"": ""not_applicable"", ""bed_type"": ""unknown"", ""bedroom_count"": null, ""bed_configuration"": [], ""connecting_room"": false, ""swim_up"": false, ""annex"": false, ""jacuzzi"": false, ""hot_tub"": false, ""occupancy"": 3, ""single_use"": false, ""bed_relation"": ""unknown""}",90.9090909090909,1,0,0,0,0,0,0,0,0,0,0,1,1,0,0,1
hotel_39620741_20260722_174828,39620741,96,120,A Block Land 2+2,A Block Land Triple,"{""category"": ""room"", ""room_class"": ""unknown"", ""suite_type"": ""not_applicable"", ""club_access"": false, ""view"": ""unknown"", ""balcony"": false, ""terrace"": false, ""dormitory_bed_count"": null, ""dormitory_type"": ""not_applicable"", ""bed_type"": ""unknown"", ""bedroom_count"": null, ""bed_configuration"": [], ""connecting_room"": false, ""swim_up"": false, ""annex"": false, ""jacuzzi"": false, ""hot_tub"": false, ""occupancy"": null, ""single_use"": false, ""bed_relation"": ""unknown""}","{""category"": ""room"", ""room_class"": ""unknown"", ""suite_type"": ""not_applicable"", ""club_access"": false, ""view"": ""unknown"", ""balcony"": false, ""terrace"": false, ""dormitory_bed_count"": null, ""dormitory_type"": ""not_applicable"", ""bed_type"": ""unknown"", ""bedroom_count"": null, ""bed_configuration"": [], ""connecting_room"": false, ""swim_up"": false, ""annex"": false, ""jacuzzi"": false, ""hot_tub"": false, ""occupancy"": 3, ""single_use"": false, ""bed_relation"": ""unknown""}",92.3076923076923,1,0,0,0,0,0,0,0,0,0,0,1,1,0,0,1
hotel_39620741_20260722_174828,39620741,10,7,"Standard Main Building Double room with side sea view (twin beds) (bed type is subject to availability, main building)",Standard Main Building Double room with side sea view (full double bed) (main building),"{""category"": ""room"", ""room_class"": ""standard"", ""suite_type"": ""not_applicable"", ""club_access"": false, ""view"": ""partial_sea"", ""balcony"": false, ""terrace"": false, ""dormitory_bed_count"": null, ""dormitory_type"": ""not_applicable"", ""bed_type"": ""twin"", ""bedroom_count"": null, ""bed_configuration"": [{""type"": ""twin"", ""count"": null}], ""connecting_room"": false, ""swim_up"": false, ""annex"": false, ""jacuzzi"": false, ""hot_tub"": false, ""occupancy"": 2, ""single_use"": false, ""bed_relation"": ""unknown""}","{""category"": ""room"", ""room_class"": ""standard"", ""suite_type"": ""not_applicable"", ""club_access"": false, ""view"": ""partial_sea"", ""balcony"": false, ""terrace"": false, ""dormitory_bed_count"": null, ""dormitory_type"": ""not_applicable"", ""bed_type"": ""double"", ""bedroom_count"": null, ""bed_configuration"": [{""type"": ""double"", ""count"": null}], ""connecting_room"": false, ""swim_up"": false, ""annex"": false, ""jacuzzi"": false, ""hot_tub"": false, ""occupancy"": 2, ""single_use"": false, ""bed_relation"": ""unknown""}",92.8,1,1,1,1,1,1,0,1,0,1,1,1,1,0,0,1
hotel_39620741_20260722_174828,39620741,27,34,Standard Room Main Building Side Sea View,DOUBLE MAIN BUILDING SIDE SEA VIEW,"{""category"": ""room"", ""room_class"": ""standard"", ""suite_type"": ""not_applicable"", ""club_access"": false, ""view"": ""partial_sea"", ""balcony"": false, ""terrace"": false, ""dormitory_bed_count"": null, ""dormitory_type"": ""not_applicable"", ""bed_type"": ""unknown"", ""bedroom_count"": null, ""bed_configuration"": [], ""connecting_room"": false, ""swim_up"": false, ""annex"": false, ""jacuzzi"": false, ""hot_tub"": false, ""occupancy"": null, ""single_use"": false, ""bed_relation"": ""unknown""}","{""category"": ""room"", ""room_class"": ""unknown"", ""suite_type"": ""not_applicable"", ""club_access"": false, ""view"": ""partial_sea"", ""balcony"": false, ""terrace"": false, ""dormitory_bed_count"": null, ""dormitory_type"": ""not_applicable"", ""bed_type"": ""unknown"", ""bedroom_count"": null, ""bed_configuration"": [{""type"": ""double"", ""count"": null}], ""connecting_room"": false, ""swim_up"": false, ""annex"": false, ""jacuzzi"": false, ""hot_tub"": false, ""occupancy"": 2, ""single_use"": false, ""bed_relation"": ""unknown""}",88.52459016393442,1,0,0,1,1,0,0,0,0,0,0,1,1,0,0,1
hotel_39620741_20260722_174828,39620741,10,132,"Standard Main Building Double room with side sea view (twin beds) (bed type is subject to availability, main building)","Main Building Sea Side 2+2,2 Twin Beds","{""category"": ""room"", ""room_class"": ""standard"", ""suite_type"": ""not_applicable"", ""club_access"": false, ""view"": ""partial_sea"", ""balcony"": false, ""terrace"": false, ""dormitory_bed_count"": null, ""dormitory_type"": ""not_applicable"", ""bed_type"": ""twin"", ""bedroom_count"": null, ""bed_configuration"": [{""type"": ""twin"", ""count"": null}], ""connecting_room"": false, ""swim_up"": false, ""annex"": false, ""jacuzzi"": false, ""hot_tub"": false, ""occupancy"": 2, ""single_use"": false, ""bed_relation"": ""unknown""}","{""category"": ""room"", ""room_class"": ""unknown"", ""suite_type"": ""not_applicable"", ""club_access"": false, ""view"": ""unknown"", ""balcony"": false, ""terrace"": false, ""dormitory_bed_count"": null, ""dormitory_type"": ""not_applicable"", ""bed_type"": ""unknown"", ""bedroom_count"": null, ""bed_configuration"": [{""type"": ""twin"", ""count"": 2}], ""connecting_room"": false, ""swim_up"": false, ""annex"": false, ""jacuzzi"": false, ""hot_tub"": false, ""occupancy"": 2, ""single_use"": false, ""bed_relation"": ""unknown""}",96.96969696969695,1,0,0,0,0,0,0,1,0,1,1,1,1,0,0,1
hotel_39620741_20260722_174828,39620741,10,98,"Standard Main Building Double room with side sea view (twin beds) (bed type is subject to availability, main building)",Main Building Sea Side 2+2,"{""category"": ""room"", ""room_class"": ""standard"", ""suite_type"": ""not_applicable"", ""club_access"": false, ""view"": ""partial_sea"", ""balcony"": false, ""terrace"": false, ""dormitory_bed_count"": null, ""dormitory_type"": ""not_applicable"", ""bed_type"": ""twin"", ""bedroom_count"": null, ""bed_configuration"": [{""type"": ""twin"", ""count"": null}], ""connecting_room"": false, ""swim_up"": false, ""annex"": false, ""jacuzzi"": false, ""hot_tub"": false, ""occupancy"": 2, ""single_use"": false, ""bed_relation"": ""unknown""}","{""category"": ""room"", ""room_class"": ""unknown"", ""suite_type"": ""not_applicable"", ""club_access"": false, ""view"": ""unknown"", ""balcony"": false, ""terrace"": false, ""dormitory_bed_count"": null, ""dormitory_type"": ""not_applicable"", ""bed_type"": ""unknown"", ""bedroom_count"": null, ""bed_configuration"": [], ""connecting_room"": false, ""swim_up"": false, ""annex"": false, ""jacuzzi"": false, ""hot_tub"": false, ""occupancy"": null, ""single_use"": false, ""bed_relation"": ""unknown""}",95.65217391304348,1,0,0,0,0,0,0,0,0,0,0,1,1,0,0,1
hotel_39620741_20260722_174828,39620741,27,98,Standard Room Main Building Side Sea View,Main Building Sea Side 2+2,"{""category"": ""room"", ""room_class"": ""standard"", ""suite_type"": ""not_applicable"", ""club_access"": false, ""view"": ""partial_sea"", ""balcony"": false, ""terrace"": false, ""dormitory_bed_count"": null, ""dormitory_type"": ""not_applicable"", ""bed_type"": ""unknown"", ""bedroom_count"": null, ""bed_configuration"": [], ""connecting_room"": false, ""swim_up"": false, ""annex"": false, ""jacuzzi"": false, ""hot_tub"": false, ""occupancy"": null, ""single_use"": false, ""bed_relation"": ""unknown""}","{""category"": ""room"", ""room_class"": ""unknown"", ""suite_type"": ""not_applicable"", ""club_access"": false, ""view"": ""unknown"", ""balcony"": false, ""terrace"": false, ""dormitory_bed_count"": null, ""dormitory_type"": ""not_applicable"", ""bed_type"": ""unknown"", ""bedroom_count"": null, ""bed_configuration"": [], ""connecting_room"": false, ""swim_up"": false, ""annex"": false, ""jacuzzi"": false, ""hot_tub"": false, ""occupancy"": null, ""single_use"": false, ""bed_relation"": ""unknown""}",95.65217391304348,1,0,0,0,0,0,0,0,0,0,0,1,1,0,0,1
hotel_39620741_20260722_174828,39620741,10,62,"Standard Main Building Double room with side sea view (twin beds) (bed type is subject to availability, main building)",TWIN/DOUBLE ROOM - MAIN BUILDING,"{""category"": ""room"", ""room_class"": ""standard"", ""suite_type"": ""not_applicable"", ""club_access"": false, ""view"": ""partial_sea"", ""balcony"": false, ""terrace"": false, ""dormitory_bed_count"": null, ""dormitory_type"": ""not_applicable"", ""bed_type"": ""twin"", ""bedroom_count"": null, ""bed_configuration"": [{""type"": ""twin"", ""count"": null}], ""connecting_room"": false, ""swim_up"": false, ""annex"": false, ""jacuzzi"": false, ""hot_tub"": false, ""occupancy"": 2, ""single_use"": false, ""bed_relation"": ""unknown""}","{""category"": ""room"", ""room_class"": ""unknown"", ""suite_type"": ""not_applicable"", ""club_access"": false, ""view"": ""unknown"", ""balcony"": false, ""terrace"": false, ""dormitory_bed_count"": null, ""dormitory_type"": ""not_applicable"", ""bed_type"": ""unknown"", ""bedroom_count"": null, ""bed_configuration"": [{""type"": ""twin"", ""count"": null}, {""type"": ""double"", ""count"": null}], ""connecting_room"": false, ""swim_up"": false, ""annex"": false, ""jacuzzi"": false, ""hot_tub"": false, ""occupancy"": 2, ""single_use"": false, ""bed_relation"": ""alternative""}",100.0,1,0,0,0,0,0,0,1,0,1,1,1,1,0,0,1
hotel_39620741_20260722_174828,39620741,10,73,"Standard Main Building Double room with side sea view (twin beds) (bed type is subject to availability, main building)",STANDARD DOUBLE OR TWIN ROOM,"{""category"": ""room"", ""room_class"": ""standard"", ""suite_type"": ""not_applicable"", ""club_access"": false, ""view"": ""partial_sea"", ""balcony"": false, ""terrace"": false, ""dormitory_bed_count"": null, ""dormitory_type"": ""not_applicable"", ""bed_type"": ""twin"", ""bedroom_count"": null, ""bed_configuration"": [{""type"": ""twin"", ""count"": null}], ""connecting_room"": false, ""swim_up"": false, ""annex"": false, ""jacuzzi"": false, ""hot_tub"": false, ""occupancy"": 2, ""single_use"": false, ""bed_relation"": ""unknown""}","{""category"": ""room"", ""room_class"": ""standard"", ""suite_type"": ""not_applicable"", ""club_access"": false, ""view"": ""unknown"", ""balcony"": false, ""terrace"": false, ""dormitory_bed_count"": null, ""dormitory_type"": ""not_applicable"", ""bed_type"": ""unknown"", ""bedroom_count"": null, ""bed_configuration"": [{""type"": ""double"", ""count"": null}, {""type"": ""twin"", ""count"": null}], ""connecting_room"": false, ""swim_up"": false, ""annex"": false, ""jacuzzi"": false, ""hot_tub"": false, ""occupancy"": 2, ""single_use"": false, ""bed_relation"": ""alternative""}",94.33962264150944,1,1,1,0,0,0,0,1,0,1,1,1,1,0,0,1
hotel_39620741_20260722_174828,39620741,27,75,Standard Room Main Building Side Sea View,STANDARD ROOM (LIMITED SEA VIEW),"{""category"": ""room"", ""room_class"": ""standard"", ""suite_type"": ""not_applicable"", ""club_access"": false, ""view"": ""partial_sea"", ""balcony"": false, ""terrace"": false, ""dormitory_bed_count"": null, ""dormitory_type"": ""not_applicable"", ""bed_type"": ""unknown"", ""bedroom_count"": null, ""bed_configuration"": [], ""connecting_room"": false, ""swim_up"": false, ""annex"": false, ""jacuzzi"": false, ""hot_tub"": false, ""occupancy"": null, ""single_use"": false, ""bed_relation"": ""unknown""}","{""category"": ""room"", ""room_class"": ""standard"", ""suite_type"": ""not_applicable"", ""club_access"": false, ""view"": ""partial_sea"", ""balcony"": false, ""terrace"": false, ""dormitory_bed_count"": null, ""dormitory_type"": ""not_applicable"", ""bed_type"": ""unknown"", ""bedroom_count"": null, ""bed_configuration"": [], ""connecting_room"": false, ""swim_up"": false, ""annex"": false, ""jacuzzi"": false, ""hot_tub"": false, ""occupancy"": null, ""single_use"": false, ""bed_relation"": ""unknown""}",84.61538461538461,1,1,1,1,1,0,0,0,0,0,0,1,1,0,0,1
hotel_39620741_20260722_174828,39620741,5,113,MAIN BUILDING SIDE SEA,"Main Building Side Sea,2 Twin Beds","{""category"": ""room"", ""room_class"": ""unknown"", ""suite_type"": ""not_applicable"", ""club_access"": false, ""view"": ""unknown"", ""balcony"": false, ""terrace"": false, ""dormitory_bed_count"": null, ""dormitory_type"": ""not_applicable"", ""bed_type"": ""unknown"", ""bedroom_count"": null, ""bed_configuration"": [], ""connecting_room"": false, ""swim_up"": false, ""annex"": false, ""jacuzzi"": false, ""hot_tub"": false, ""occupancy"": null, ""single_use"": false, ""bed_relation"": ""unknown""}","{""category"": ""room"", ""room_class"": ""unknown"", ""suite_type"": ""not_applicable"", ""club_access"": false, ""view"": ""unknown"", ""balcony"": false, ""terrace"": false, ""dormitory_bed_count"": null, ""dormitory_type"": ""not_applicable"", ""bed_type"": ""unknown"", ""bedroom_count"": null, ""bed_configuration"": [{""type"": ""twin"", ""count"": 2}], ""connecting_room"": false, ""swim_up"": false, ""annex"": false, ""jacuzzi"": false, ""hot_tub"": false, ""occupancy"": 2, ""single_use"": false, ""bed_relation"": ""unknown""}",100.0,1,0,0,0,0,0,0,0,0,0,0,1,1,0,0,1
hotel_39620741_20260722_174828,39620741,10,123,"Standard Main Building Double room with side sea view (twin beds) (bed type is subject to availability, main building)",Main Building Sea Side Triple,"{""category"": ""room"", ""room_class"": ""standard"", ""suite_type"": ""not_applicable"", ""club_access"": false, ""view"": ""partial_sea"", ""balcony"": false, ""terrace"": false, ""dormitory_bed_count"": null, ""dormitory_type"": ""not_applicable"", ""bed_type"": ""twin"", ""bedroom_count"": null, ""bed_configuration"": [{""type"": ""twin"", ""count"": null}], ""connecting_room"": false, ""swim_up"": false, ""annex"": false, ""jacuzzi"": false, ""hot_tub"": false, ""occupancy"": 2, ""single_use"": false, ""bed_relation"": ""unknown""}","{""category"": ""room"", ""room_class"": ""unknown"", ""suite_type"": ""not_applicable"", ""club_access"": false, ""view"": ""unknown"", ""balcony"": false, ""terrace"": false, ""dormitory_bed_count"": null, ""dormitory_type"": ""not_applicable"", ""bed_type"": ""unknown"", ""bedroom_count"": null, ""bed_configuration"": [], ""connecting_room"": false, ""swim_up"": false, ""annex"": false, ""jacuzzi"": false, ""hot_tub"": false, ""occupancy"": 3, ""single_use"": false, ""bed_relation"": ""unknown""}",86.27450980392157,1,0,0,0,0,0,0,0,0,1,0,1,1,0,0,1
hotel_39620741_20260722_174828,39620741,27,123,Standard Room Main Building Side Sea View,Main Building Sea Side Triple,"{""category"": ""room"", ""room_class"": ""standard"", ""suite_type"": ""not_applicable"", ""club_access"": false, ""view"": ""partial_sea"", ""balcony"": false, ""terrace"": false, ""dormitory_bed_count"": null, ""dormitory_type"": ""not_applicable"", ""bed_type"": ""unknown"", ""bedroom_count"": null, ""bed_configuration"": [], ""connecting_room"": false, ""swim_up"": false, ""annex"": false, ""jacuzzi"": false, ""hot_tub"": false, ""occupancy"": null, ""single_use"": false, ""bed_relation"": ""unknown""}","{""category"": ""room"", ""room_class"": ""unknown"", ""suite_type"": ""not_applicable"", ""club_access"": false, ""view"": ""unknown"", ""balcony"": false, ""terrace"": false, ""dormitory_bed_count"": null, ""dormitory_type"": ""not_applicable"", ""bed_type"": ""unknown"", ""bedroom_count"": null, ""bed_configuration"": [], ""connecting_room"": false, ""swim_up"": false, ""annex"": false, ""jacuzzi"": false, ""hot_tub"": false, ""occupancy"": 3, ""single_use"": false, ""bed_relation"": ""unknown""}",86.27450980392157,1,0,0,0,0,0,0,0,0,0,0,1,1,0,0,1
hotel_39620741_20260722_174828,39620741,7,36,Standard Main Building Double room with side sea view (full double bed) (main building),DOUBLE A BLOCK ROOM,"{""category"": ""room"", ""room_class"": ""standard"", ""suite_type"": ""not_applicable"", ""club_access"": false, ""view"": ""partial_sea"", ""balcony"": false, ""terrace"": false, ""dormitory_bed_count"": null, ""dormitory_type"": ""not_applicable"", ""bed_type"": ""double"", ""bedroom_count"": null, ""bed_configuration"": [{""type"": ""double"", ""count"": null}], ""connecting_room"": false, ""swim_up"": false, ""annex"": false, ""jacuzzi"": false, ""hot_tub"": false, ""occupancy"": 2, ""single_use"": false, ""bed_relation"": ""unknown""}","{""category"": ""room"", ""room_class"": ""unknown"", ""suite_type"": ""not_applicable"", ""club_access"": false, ""view"": ""unknown"", ""balcony"": false, ""terrace"": false, ""dormitory_bed_count"": null, ""dormitory_type"": ""not_applicable"", ""bed_type"": ""unknown"", ""bedroom_count"": null, ""bed_configuration"": [{""type"": ""double"", ""count"": null}], ""connecting_room"": false, ""swim_up"": false, ""annex"": false, ""jacuzzi"": false, ""hot_tub"": false, ""occupancy"": 2, ""single_use"": false, ""bed_relation"": ""unknown""}",73.33333333333333,1,0,0,0,0,0,0,1,1,1,1,1,1,0,0,1
hotel_39620741_20260722_174828,39620741,7,37,Standard Main Building Double room with side sea view (full double bed) (main building),DOUBLE B BLOCK ROOM,"{""category"": ""room"", ""room_class"": ""standard"", ""suite_type"": ""not_applicable"", ""club_access"": false, ""view"": ""partial_sea"", ""balcony"": false, ""terrace"": false, ""dormitory_bed_count"": null, ""dormitory_type"": ""not_applicable"", ""bed_type"": ""double"", ""bedroom_count"": null, ""bed_configuration"": [{""type"": ""double"", ""count"": null}], ""connecting_room"": false, ""swim_up"": false, ""annex"": false, ""jacuzzi"": false, ""hot_tub"": false, ""occupancy"": 2, ""single_use"": false, ""bed_relation"": ""unknown""}","{""category"": ""room"", ""room_class"": ""unknown"", ""suite_type"": ""not_applicable"", ""club_access"": false, ""view"": ""unknown"", ""balcony"": false, ""terrace"": false, ""dormitory_bed_count"": null, ""dormitory_type"": ""not_applicable"", ""bed_type"": ""unknown"", ""bedroom_count"": null, ""bed_configuration"": [{""type"": ""double"", ""count"": null}], ""connecting_room"": false, ""swim_up"": false, ""annex"": false, ""jacuzzi"": false, ""hot_tub"": false, ""occupancy"": 2, ""single_use"": false, ""bed_relation"": ""unknown""}",73.33333333333333,1,0,0,0,0,0,0,1,1,1,1,1,1,0,0,1
hotel_39620741_20260722_174828,39620741,7,98,Standard Main Building Double room with side sea view (full double bed) (main building),Main Building Sea Side 2+2,"{""category"": ""room"", ""room_class"": ""standard"", ""suite_type"": ""not_applicable"", ""club_access"": false, ""view"": ""partial_sea"", ""balcony"": false, ""terrace"": false, ""dormitory_bed_count"": null, ""dormitory_type"": ""not_applicable"", ""bed_type"": ""double"", ""bedroom_count"": null, ""bed_configuration"": [{""type"": ""double"", ""count"": null}], ""connecting_room"": false, ""swim_up"": false, ""annex"": false, ""jacuzzi"": false, ""hot_tub"": false, ""occupancy"": 2, ""single_use"": false, ""bed_relation"": ""unknown""}","{""category"": ""room"", ""room_class"": ""unknown"", ""suite_type"": ""not_applicable"", ""club_access"": false, ""view"": ""unknown"", ""balcony"": false, ""terrace"": false, ""dormitory_bed_count"": null, ""dormitory_type"": ""not_applicable"", ""bed_type"": ""unknown"", ""bedroom_count"": null, ""bed_configuration"": [], ""connecting_room"": false, ""swim_up"": false, ""annex"": false, ""jacuzzi"": false, ""hot_tub"": false, ""occupancy"": null, ""single_use"": false, ""bed_relation"": ""unknown""}",95.65217391304348,1,0,0,0,0,0,0,0,0,0,0,1,1,0,0,1
hotel_39620741_20260722_174828,39620741,34,98,DOUBLE MAIN BUILDING SIDE SEA VIEW,Main Building Sea Side 2+2,"{""category"": ""room"", ""room_class"": ""unknown"", ""suite_type"": ""not_applicable"", ""club_access"": false, ""view"": ""partial_sea"", ""balcony"": false, ""terrace"": false, ""dormitory_bed_count"": null, ""dormitory_type"": ""not_applicable"", ""bed_type"": ""unknown"", ""bedroom_count"": null, ""bed_configuration"": [{""type"": ""double"", ""count"": null}], ""connecting_room"": false, ""swim_up"": false, ""annex"": false, ""jacuzzi"": false, ""hot_tub"": false, ""occupancy"": 2, ""single_use"": false, ""bed_relation"": ""unknown""}","{""category"": ""room"", ""room_class"": ""unknown"", ""suite_type"": ""not_applicable"", ""club_access"": false, ""view"": ""unknown"", ""balcony"": false, ""terrace"": false, ""dormitory_bed_count"": null, ""dormitory_type"": ""not_applicable"", ""bed_type"": ""unknown"", ""bedroom_count"": null, ""bed_configuration"": [], ""connecting_room"": false, ""swim_up"": false, ""annex"": false, ""jacuzzi"": false, ""hot_tub"": false, ""occupancy"": null, ""single_use"": false, ""bed_relation"": ""unknown""}",95.65217391304348,1,0,0,0,0,0,0,0,0,0,0,1,1,0,0,1
hotel_39620741_20260722_174828,39620741,7,62,Standard Main Building Double room with side sea view (full double bed) (main building),TWIN/DOUBLE ROOM - MAIN BUILDING,"{""category"": ""room"", ""room_class"": ""standard"", ""suite_type"": ""not_applicable"", ""club_access"": false, ""view"": ""partial_sea"", ""balcony"": false, ""terrace"": false, ""dormitory_bed_count"": null, ""dormitory_type"": ""not_applicable"", ""bed_type"": ""double"", ""bedroom_count"": null, ""bed_configuration"": [{""type"": ""double"", ""count"": null}], ""connecting_room"": false, ""swim_up"": false, ""annex"": false, ""jacuzzi"": false, ""hot_tub"": false, ""occupancy"": 2, ""single_use"": false, ""bed_relation"": ""unknown""}","{""category"": ""room"", ""room_class"": ""unknown"", ""suite_type"": ""not_applicable"", ""club_access"": false, ""view"": ""unknown"", ""balcony"": false, ""terrace"": false, ""dormitory_bed_count"": null, ""dormitory_type"": ""not_applicable"", ""bed_type"": ""unknown"", ""bedroom_count"": null, ""bed_configuration"": [{""type"": ""twin"", ""count"": null}, {""type"": ""double"", ""count"": null}], ""connecting_room"": false, ""swim_up"": false, ""annex"": false, ""jacuzzi"": false, ""hot_tub"": false, ""occupancy"": 2, ""single_use"": false, ""bed_relation"": ""alternative""}",90.9090909090909,1,0,0,0,0,0,0,1,0,1,1,1,1,0,0,1
hotel_39620741_20260722_174828,39620741,7,123,Standard Main Building Double room with side sea view (full double bed) (main building),Main Building Sea Side Triple,"{""category"": ""room"", ""room_class"": ""standard"", ""suite_type"": ""not_applicable"", ""club_access"": false, ""view"": ""partial_sea"", ""balcony"": false, ""terrace"": false, ""dormitory_bed_count"": null, ""dormitory_type"": ""not_applicable"", ""bed_type"": ""double"", ""bedroom_count"": null, ""bed_configuration"": [{""type"": ""double"", ""count"": null}], ""connecting_room"": false, ""swim_up"": false, ""annex"": false, ""jacuzzi"": false, ""hot_tub"": false, ""occupancy"": 2, ""single_use"": false, ""bed_relation"": ""unknown""}","{""category"": ""room"", ""room_class"": ""unknown"", ""suite_type"": ""not_applicable"", ""club_access"": false, ""view"": ""unknown"", ""balcony"": false, ""terrace"": false, ""dormitory_bed_count"": null, ""dormitory_type"": ""not_applicable"", ""bed_type"": ""unknown"", ""bedroom_count"": null, ""bed_configuration"": [], ""connecting_room"": false, ""swim_up"": false, ""annex"": false, ""jacuzzi"": false, ""hot_tub"": false, ""occupancy"": 3, ""single_use"": false, ""bed_relation"": ""unknown""}",86.27450980392157,1,0,0,0,0,0,0,0,0,1,0,1,1,0,0,1
hotel_39620741_20260722_174828,39620741,34,123,DOUBLE MAIN BUILDING SIDE SEA VIEW,Main Building Sea Side Triple,"{""category"": ""room"", ""room_class"": ""unknown"", ""suite_type"": ""not_applicable"", ""club_access"": false, ""view"": ""partial_sea"", ""balcony"": false, ""terrace"": false, ""dormitory_bed_count"": null, ""dormitory_type"": ""not_applicable"", ""bed_type"": ""unknown"", ""bedroom_count"": null, ""bed_configuration"": [{""type"": ""double"", ""count"": null}], ""connecting_room"": false, ""swim_up"": false, ""annex"": false, ""jacuzzi"": false, ""hot_tub"": false, ""occupancy"": 2, ""single_use"": false, ""bed_relation"": ""unknown""}","{""category"": ""room"", ""room_class"": ""unknown"", ""suite_type"": ""not_applicable"", ""club_access"": false, ""view"": ""unknown"", ""balcony"": false, ""terrace"": false, ""dormitory_bed_count"": null, ""dormitory_type"": ""not_applicable"", ""bed_type"": ""unknown"", ""bedroom_count"": null, ""bed_configuration"": [], ""connecting_room"": false, ""swim_up"": false, ""annex"": false, ""jacuzzi"": false, ""hot_tub"": false, ""occupancy"": 3, ""single_use"": false, ""bed_relation"": ""unknown""}",86.27450980392157,1,0,0,0,0,0,0,0,0,1,0,1,1,0,0,1
hotel_39620741_20260722_174828,39620741,12,36,Deluxe Double room (full double bed),DOUBLE A BLOCK ROOM,"{""category"": ""room"", ""room_class"": ""deluxe"", ""suite_type"": ""not_applicable"", ""club_access"": false, ""view"": ""unknown"", ""balcony"": false, ""terrace"": false, ""dormitory_bed_count"": null, ""dormitory_type"": ""not_applicable"", ""bed_type"": ""double"", ""bedroom_count"": null, ""bed_configuration"": [{""type"": ""double"", ""count"": null}], ""connecting_room"": false, ""swim_up"": false, ""annex"": false, ""jacuzzi"": false, ""hot_tub"": false, ""occupancy"": 2, ""single_use"": false, ""bed_relation"": ""unknown""}","{""category"": ""room"", ""room_class"": ""unknown"", ""suite_type"": ""not_applicable"", ""club_access"": false, ""view"": ""unknown"", ""balcony"": false, ""terrace"": false, ""dormitory_bed_count"": null, ""dormitory_type"": ""not_applicable"", ""bed_type"": ""unknown"", ""bedroom_count"": null, ""bed_configuration"": [{""type"": ""double"", ""count"": null}], ""connecting_room"": false, ""swim_up"": false, ""annex"": false, ""jacuzzi"": false, ""hot_tub"": false, ""occupancy"": 2, ""single_use"": false, ""bed_relation"": ""unknown""}",73.33333333333333,1,0,0,0,0,0,0,1,1,1,1,1,1,0,0,1
hotel_39620741_20260722_174828,39620741,12,37,Deluxe Double room (full double bed),DOUBLE B BLOCK ROOM,"{""category"": ""room"", ""room_class"": ""deluxe"", ""suite_type"": ""not_applicable"", ""club_access"": false, ""view"": ""unknown"", ""balcony"": false, ""terrace"": false, ""dormitory_bed_count"": null, ""dormitory_type"": ""not_applicable"", ""bed_type"": ""double"", ""bedroom_count"": null, ""bed_configuration"": [{""type"": ""double"", ""count"": null}], ""connecting_room"": false, ""swim_up"": false, ""annex"": false, ""jacuzzi"": false, ""hot_tub"": false, ""occupancy"": 2, ""single_use"": false, ""bed_relation"": ""unknown""}","{""category"": ""room"", ""room_class"": ""unknown"", ""suite_type"": ""not_applicable"", ""club_access"": false, ""view"": ""unknown"", ""balcony"": false, ""terrace"": false, ""dormitory_bed_count"": null, ""dormitory_type"": ""not_applicable"", ""bed_type"": ""unknown"", ""bedroom_count"": null, ""bed_configuration"": [{""type"": ""double"", ""count"": null}], ""connecting_room"": false, ""swim_up"": false, ""annex"": false, ""jacuzzi"": false, ""hot_tub"": false, ""occupancy"": 2, ""single_use"": false, ""bed_relation"": ""unknown""}",73.33333333333333,1,0,0,0,0,0,0,1,1,1,1,1,1,0,0,1
hotel_39620741_20260722_174828,39620741,95,36,Deluxe Double Room,DOUBLE A BLOCK ROOM,"{""category"": ""room"", ""room_class"": ""deluxe"", ""suite_type"": ""not_applicable"", ""club_access"": false, ""view"": ""unknown"", ""balcony"": false, ""terrace"": false, ""dormitory_bed_count"": null, ""dormitory_type"": ""not_applicable"", ""bed_type"": ""unknown"", ""bedroom_count"": null, ""bed_configuration"": [{""type"": ""double"", ""count"": null}], ""connecting_room"": false, ""swim_up"": false, ""annex"": false, ""jacuzzi"": false, ""hot_tub"": false, ""occupancy"": 2, ""single_use"": false, ""bed_relation"": ""unknown""}","{""category"": ""room"", ""room_class"": ""unknown"", ""suite_type"": ""not_applicable"", ""club_access"": false, ""view"": ""unknown"", ""balcony"": false, ""terrace"": false, ""dormitory_bed_count"": null, ""dormitory_type"": ""not_applicable"", ""bed_type"": ""unknown"", ""bedroom_count"": null, ""bed_configuration"": [{""type"": ""double"", ""count"": null}], ""connecting_room"": false, ""swim_up"": false, ""annex"": false, ""jacuzzi"": false, ""hot_tub"": false, ""occupancy"": 2, ""single_use"": false, ""bed_relation"": ""unknown""}",75.86206896551724,1,0,0,0,0,0,0,1,1,1,1,1,1,0,0,1
hotel_39620741_20260722_174828,39620741,95,37,Deluxe Double Room,DOUBLE B BLOCK ROOM,"{""category"": ""room"", ""room_class"": ""deluxe"", ""suite_type"": ""not_applicable"", ""club_access"": false, ""view"": ""unknown"", ""balcony"": false, ""terrace"": false, ""dormitory_bed_count"": null, ""dormitory_type"": ""not_applicable"", ""bed_type"": ""unknown"", ""bedroom_count"": null, ""bed_configuration"": [{""type"": ""double"", ""count"": null}], ""connecting_room"": false, ""swim_up"": false, ""annex"": false, ""jacuzzi"": false, ""hot_tub"": false, ""occupancy"": 2, ""single_use"": false, ""bed_relation"": ""unknown""}","{""category"": ""room"", ""room_class"": ""unknown"", ""suite_type"": ""not_applicable"", ""club_access"": false, ""view"": ""unknown"", ""balcony"": false, ""terrace"": false, ""dormitory_bed_count"": null, ""dormitory_type"": ""not_applicable"", ""bed_type"": ""unknown"", ""bedroom_count"": null, ""bed_configuration"": [{""type"": ""double"", ""count"": null}], ""connecting_room"": false, ""swim_up"": false, ""annex"": false, ""jacuzzi"": false, ""hot_tub"": false, ""occupancy"": 2, ""single_use"": false, ""bed_relation"": ""unknown""}",75.86206896551724,1,0,0,0,0,0,0,1,1,1,1,1,1,0,0,1
hotel_39620741_20260722_174828,39620741,56,138,BUNGALOW - TRIPLE,"Bungalow Triple , 1 Double Bed and 1 Twin Sofa Bed","{""category"": ""bungalow"", ""room_class"": ""unknown"", ""suite_type"": ""not_applicable"", ""club_access"": false, ""view"": ""unknown"", ""balcony"": false, ""terrace"": false, ""dormitory_bed_count"": null, ""dormitory_type"": ""not_applicable"", ""bed_type"": ""unknown"", ""bedroom_count"": null, ""bed_configuration"": [], ""connecting_room"": false, ""swim_up"": false, ""annex"": false, ""jacuzzi"": false, ""hot_tub"": false, ""occupancy"": 3, ""single_use"": false, ""bed_relation"": ""unknown""}","{""category"": ""bungalow"", ""room_class"": ""unknown"", ""suite_type"": ""not_applicable"", ""club_access"": false, ""view"": ""unknown"", ""balcony"": false, ""terrace"": false, ""dormitory_bed_count"": null, ""dormitory_type"": ""not_applicable"", ""bed_type"": ""unknown"", ""bedroom_count"": null, ""bed_configuration"": [{""type"": ""double"", ""count"": 1}, {""type"": ""sofa"", ""count"": 1}, {""type"": ""twin"", ""count"": 1}], ""connecting_room"": false, ""swim_up"": false, ""annex"": false, ""jacuzzi"": false, ""hot_tub"": false, ""occupancy"": 3, ""single_use"": false, ""bed_relation"": ""combined""}",100.0,1,0,0,0,0,0,0,0,0,1,1,1,1,0,0,1
hotel_39620741_20260722_174828,39620741,15,16,"A Block Land Triple , 2 Twin Beds","Main Building Sea Side Triple , 2 Twin Beds","{""category"": ""room"", ""room_class"": ""unknown"", ""suite_type"": ""not_applicable"", ""club_access"": false, ""view"": ""unknown"", ""balcony"": false, ""terrace"": false, ""dormitory_bed_count"": null, ""dormitory_type"": ""not_applicable"", ""bed_type"": ""unknown"", ""bedroom_count"": null, ""bed_configuration"": [{""type"": ""twin"", ""count"": 2}], ""connecting_room"": false, ""swim_up"": false, ""annex"": false, ""jacuzzi"": false, ""hot_tub"": false, ""occupancy"": 3, ""single_use"": false, ""bed_relation"": ""unknown""}","{""category"": ""room"", ""room_class"": ""unknown"", ""suite_type"": ""not_applicable"", ""club_access"": false, ""view"": ""unknown"", ""balcony"": false, ""terrace"": false, ""dormitory_bed_count"": null, ""dormitory_type"": ""not_applicable"", ""bed_type"": ""unknown"", ""bedroom_count"": null, ""bed_configuration"": [{""type"": ""twin"", ""count"": 2}], ""connecting_room"": false, ""swim_up"": false, ""annex"": false, ""jacuzzi"": false, ""hot_tub"": false, ""occupancy"": 3, ""single_use"": false, ""bed_relation"": ""unknown""}",73.46938775510205,1,0,0,0,0,0,0,1,1,1,1,1,1,0,0,1
hotel_39620741_20260722_174828,39620741,127,134,"A Block Land Triple,2 Twin Beds","Main Building Sea Side Triple,2 Twin Beds","{""category"": ""room"", ""room_class"": ""unknown"", ""suite_type"": ""not_applicable"", ""club_access"": false, ""view"": ""unknown"", ""balcony"": false, ""terrace"": false, ""dormitory_bed_count"": null, ""dormitory_type"": ""not_applicable"", ""bed_type"": ""unknown"", ""bedroom_count"": null, ""bed_configuration"": [{""type"": ""twin"", ""count"": 2}], ""connecting_room"": false, ""swim_up"": false, ""annex"": false, ""jacuzzi"": false, ""hot_tub"": false, ""occupancy"": 3, ""single_use"": false, ""bed_relation"": ""unknown""}","{""category"": ""room"", ""room_class"": ""unknown"", ""suite_type"": ""not_applicable"", ""club_access"": false, ""view"": ""unknown"", ""balcony"": false, ""terrace"": false, ""dormitory_bed_count"": null, ""dormitory_type"": ""not_applicable"", ""bed_type"": ""unknown"", ""bedroom_count"": null, ""bed_configuration"": [{""type"": ""twin"", ""count"": 2}], ""connecting_room"": false, ""swim_up"": false, ""annex"": false, ""jacuzzi"": false, ""hot_tub"": false, ""occupancy"": 3, ""single_use"": false, ""bed_relation"": ""unknown""}",73.46938775510205,1,0,0,0,0,0,0,1,1,1,1,1,1,0,0,1
hotel_39620741_20260722_174828,39620741,15,118,"A Block Land Triple , 2 Twin Beds",B Block Land Triple,"{""category"": ""room"", ""room_class"": ""unknown"", ""suite_type"": ""not_applicable"", ""club_access"": false, ""view"": ""unknown"", ""balcony"": false, ""terrace"": false, ""dormitory_bed_count"": null, ""dormitory_type"": ""not_applicable"", ""bed_type"": ""unknown"", ""bedroom_count"": null, ""bed_configuration"": [{""type"": ""twin"", ""count"": 2}], ""connecting_room"": false, ""swim_up"": false, ""annex"": false, ""jacuzzi"": false, ""hot_tub"": false, ""occupancy"": 3, ""single_use"": false, ""bed_relation"": ""unknown""}","{""category"": ""room"", ""room_class"": ""unknown"", ""suite_type"": ""not_applicable"", ""club_access"": false, ""view"": ""unknown"", ""balcony"": false, ""terrace"": false, ""dormitory_bed_count"": null, ""dormitory_type"": ""not_applicable"", ""bed_type"": ""unknown"", ""bedroom_count"": null, ""bed_configuration"": [], ""connecting_room"": false, ""swim_up"": false, ""annex"": false, ""jacuzzi"": false, ""hot_tub"": false, ""occupancy"": 3, ""single_use"": false, ""bed_relation"": ""unknown""}",94.44444444444444,1,0,0,0,0,0,0,0,0,1,1,1,1,0,0,1
hotel_39620741_20260722_174828,39620741,127,118,"A Block Land Triple,2 Twin Beds",B Block Land Triple,"{""category"": ""room"", ""room_class"": ""unknown"", ""suite_type"": ""not_applicable"", ""club_access"": false, ""view"": ""unknown"", ""balcony"": false, ""terrace"": false, ""dormitory_bed_count"": null, ""dormitory_type"": ""not_applicable"", ""bed_type"": ""unknown"", ""bedroom_count"": null, ""bed_configuration"": [{""type"": ""twin"", ""count"": 2}], ""connecting_room"": false, ""swim_up"": false, ""annex"": false, ""jacuzzi"": false, ""hot_tub"": false, ""occupancy"": 3, ""single_use"": false, ""bed_relation"": ""unknown""}","{""category"": ""room"", ""room_class"": ""unknown"", ""suite_type"": ""not_applicable"", ""club_access"": false, ""view"": ""unknown"", ""balcony"": false, ""terrace"": false, ""dormitory_bed_count"": null, ""dormitory_type"": ""not_applicable"", ""bed_type"": ""unknown"", ""bedroom_count"": null, ""bed_configuration"": [], ""connecting_room"": false, ""swim_up"": false, ""annex"": false, ""jacuzzi"": false, ""hot_tub"": false, ""occupancy"": 3, ""single_use"": false, ""bed_relation"": ""unknown""}",94.44444444444444,1,0,0,0,0,0,0,0,0,1,1,1,1,0,0,1
hotel_39620741_20260722_174828,39620741,127,120,"A Block Land Triple,2 Twin Beds",A Block Land Triple,"{""category"": ""room"", ""room_class"": ""unknown"", ""suite_type"": ""not_applicable"", ""club_access"": false, ""view"": ""unknown"", ""balcony"": false, ""terrace"": false, ""dormitory_bed_count"": null, ""dormitory_type"": ""not_applicable"", ""bed_type"": ""unknown"", ""bedroom_count"": null, ""bed_configuration"": [{""type"": ""twin"", ""count"": 2}], ""connecting_room"": false, ""swim_up"": false, ""annex"": false, ""jacuzzi"": false, ""hot_tub"": false, ""occupancy"": 3, ""single_use"": false, ""bed_relation"": ""unknown""}","{""category"": ""room"", ""room_class"": ""unknown"", ""suite_type"": ""not_applicable"", ""club_access"": false, ""view"": ""unknown"", ""balcony"": false, ""terrace"": false, ""dormitory_bed_count"": null, ""dormitory_type"": ""not_applicable"", ""bed_type"": ""unknown"", ""bedroom_count"": null, ""bed_configuration"": [], ""connecting_room"": false, ""swim_up"": false, ""annex"": false, ""jacuzzi"": false, ""hot_tub"": false, ""occupancy"": 3, ""single_use"": false, ""bed_relation"": ""unknown""}",100.0,1,0,0,0,0,0,0,0,0,1,1,1,1,0,0,1
hotel_39620741_20260722_174828,39620741,91,120,"a block land , 2 twin beds",A Block Land Triple,"{""category"": ""room"", ""room_class"": ""unknown"", ""suite_type"": ""not_applicable"", ""club_access"": false, ""view"": ""unknown"", ""balcony"": false, ""terrace"": false, ""dormitory_bed_count"": null, ""dormitory_type"": ""not_applicable"", ""bed_type"": ""twin"", ""bedroom_count"": null, ""bed_configuration"": [{""type"": ""twin"", ""count"": 2}], ""connecting_room"": false, ""swim_up"": false, ""annex"": false, ""jacuzzi"": false, ""hot_tub"": false, ""occupancy"": 2, ""single_use"": false, ""bed_relation"": ""unknown""}","{""category"": ""room"", ""room_class"": ""unknown"", ""suite_type"": ""not_applicable"", ""club_access"": false, ""view"": ""unknown"", ""balcony"": false, ""terrace"": false, ""dormitory_bed_count"": null, ""dormitory_type"": ""not_applicable"", ""bed_type"": ""unknown"", ""bedroom_count"": null, ""bed_configuration"": [], ""connecting_room"": false, ""swim_up"": false, ""annex"": false, ""jacuzzi"": false, ""hot_tub"": false, ""occupancy"": 3, ""single_use"": false, ""bed_relation"": ""unknown""}",77.41935483870968,1,0,0,0,0,0,0,0,0,1,0,1,1,0,0,1
hotel_39620741_20260722_174828,39620741,126,120,"A Block Land 2+2,2 Twin Beds",A Block Land Triple,"{""category"": ""room"", ""room_class"": ""unknown"", ""suite_type"": ""not_applicable"", ""club_access"": false, ""view"": ""unknown"", ""balcony"": false, ""terrace"": false, ""dormitory_bed_count"": null, ""dormitory_type"": ""not_applicable"", ""bed_type"": ""unknown"", ""bedroom_count"": null, ""bed_configuration"": [{""type"": ""twin"", ""count"": 2}], ""connecting_room"": false, ""swim_up"": false, ""annex"": false, ""jacuzzi"": false, ""hot_tub"": false, ""occupancy"": 2, ""single_use"": false, ""bed_relation"": ""unknown""}","{""category"": ""room"", ""room_class"": ""unknown"", ""suite_type"": ""not_applicable"", ""club_access"": false, ""view"": ""unknown"", ""balcony"": false, ""terrace"": false, ""dormitory_bed_count"": null, ""dormitory_type"": ""not_applicable"", ""bed_type"": ""unknown"", ""bedroom_count"": null, ""bed_configuration"": [], ""connecting_room"": false, ""swim_up"": false, ""annex"": false, ""jacuzzi"": false, ""hot_tub"": false, ""occupancy"": 3, ""single_use"": false, ""bed_relation"": ""unknown""}",77.41935483870968,1,0,0,0,0,0,0,0,0,1,0,1,1,0,0,1
hotel_39620741_20260722_174828,39620741,16,98,"Main Building Sea Side Triple , 2 Twin Beds",Main Building Sea Side 2+2,"{""category"": ""room"", ""room_class"": ""unknown"", ""suite_type"": ""not_applicable"", ""club_access"": false, ""view"": ""unknown"", ""balcony"": false, ""terrace"": false, ""dormitory_bed_count"": null, ""dormitory_type"": ""not_applicable"", ""bed_type"": ""unknown"", ""bedroom_count"": null, ""bed_configuration"": [{""type"": ""twin"", ""count"": 2}], ""connecting_room"": false, ""swim_up"": false, ""annex"": false, ""jacuzzi"": false, ""hot_tub"": false, ""occupancy"": 3, ""single_use"": false, ""bed_relation"": ""unknown""}","{""category"": ""room"", ""room_class"": ""unknown"", ""suite_type"": ""not_applicable"", ""club_access"": false, ""view"": ""unknown"", ""balcony"": false, ""terrace"": false, ""dormitory_bed_count"": null, ""dormitory_type"": ""not_applicable"", ""bed_type"": ""unknown"", ""bedroom_count"": null, ""bed_configuration"": [], ""connecting_room"": false, ""swim_up"": false, ""annex"": false, ""jacuzzi"": false, ""hot_tub"": false, ""occupancy"": null, ""single_use"": false, ""bed_relation"": ""unknown""}",100.0,1,0,0,0,0,0,0,0,0,0,0,1,1,0,0,1
hotel_39620741_20260722_174828,39620741,134,98,"Main Building Sea Side Triple,2 Twin Beds",Main Building Sea Side 2+2,"{""category"": ""room"", ""room_class"": ""unknown"", ""suite_type"": ""not_applicable"", ""club_access"": false, ""view"": ""unknown"", ""balcony"": false, ""terrace"": false, ""dormitory_bed_count"": null, ""dormitory_type"": ""not_applicable"", ""bed_type"": ""unknown"", ""bedroom_count"": null, ""bed_configuration"": [{""type"": ""twin"", ""count"": 2}], ""connecting_room"": false, ""swim_up"": false, ""annex"": false, ""jacuzzi"": false, ""hot_tub"": false, ""occupancy"": 3, ""single_use"": false, ""bed_relation"": ""unknown""}","{""category"": ""room"", ""room_class"": ""unknown"", ""suite_type"": ""not_applicable"", ""club_access"": false, ""view"": ""unknown"", ""balcony"": false, ""terrace"": false, ""dormitory_bed_count"": null, ""dormitory_type"": ""not_applicable"", ""bed_type"": ""unknown"", ""bedroom_count"": null, ""bed_configuration"": [], ""connecting_room"": false, ""swim_up"": false, ""annex"": false, ""jacuzzi"": false, ""hot_tub"": false, ""occupancy"": null, ""single_use"": false, ""bed_relation"": ""unknown""}",100.0,1,0,0,0,0,0,0,0,0,0,0,1,1,0,0,1
hotel_39620741_20260722_174828,39620741,132,98,"Main Building Sea Side 2+2,2 Twin Beds",Main Building Sea Side 2+2,"{""category"": ""room"", ""room_class"": ""unknown"", ""suite_type"": ""not_applicable"", ""club_access"": false, ""view"": ""unknown"", ""balcony"": false, ""terrace"": false, ""dormitory_bed_count"": null, ""dormitory_type"": ""not_applicable"", ""bed_type"": ""unknown"", ""bedroom_count"": null, ""bed_configuration"": [{""type"": ""twin"", ""count"": 2}], ""connecting_room"": false, ""swim_up"": false, ""annex"": false, ""jacuzzi"": false, ""hot_tub"": false, ""occupancy"": 2, ""single_use"": false, ""bed_relation"": ""unknown""}","{""category"": ""room"", ""room_class"": ""unknown"", ""suite_type"": ""not_applicable"", ""club_access"": false, ""view"": ""unknown"", ""balcony"": false, ""terrace"": false, ""dormitory_bed_count"": null, ""dormitory_type"": ""not_applicable"", ""bed_type"": ""unknown"", ""bedroom_count"": null, ""bed_configuration"": [], ""connecting_room"": false, ""swim_up"": false, ""annex"": false, ""jacuzzi"": false, ""hot_tub"": false, ""occupancy"": null, ""single_use"": false, ""bed_relation"": ""unknown""}",100.0,1,0,0,0,0,0,0,0,0,0,0,1,1,0,0,1
hotel_39620741_20260722_174828,39620741,16,113,"Main Building Sea Side Triple , 2 Twin Beds","Main Building Side Sea,2 Twin Beds","{""category"": ""room"", ""room_class"": ""unknown"", ""suite_type"": ""not_applicable"", ""club_access"": false, ""view"": ""unknown"", ""balcony"": false, ""terrace"": false, ""dormitory_bed_count"": null, ""dormitory_type"": ""not_applicable"", ""bed_type"": ""unknown"", ""bedroom_count"": null, ""bed_configuration"": [{""type"": ""twin"", ""count"": 2}], ""connecting_room"": false, ""swim_up"": false, ""annex"": false, ""jacuzzi"": false, ""hot_tub"": false, ""occupancy"": 3, ""single_use"": false, ""bed_relation"": ""unknown""}","{""category"": ""room"", ""room_class"": ""unknown"", ""suite_type"": ""not_applicable"", ""club_access"": false, ""view"": ""unknown"", ""balcony"": false, ""terrace"": false, ""dormitory_bed_count"": null, ""dormitory_type"": ""not_applicable"", ""bed_type"": ""unknown"", ""bedroom_count"": null, ""bed_configuration"": [{""type"": ""twin"", ""count"": 2}], ""connecting_room"": false, ""swim_up"": false, ""annex"": false, ""jacuzzi"": false, ""hot_tub"": false, ""occupancy"": 2, ""single_use"": false, ""bed_relation"": ""unknown""}",100.0,1,0,0,0,0,0,0,1,1,1,0,1,1,0,0,1
hotel_39620741_20260722_174828,39620741,134,113,"Main Building Sea Side Triple,2 Twin Beds","Main Building Side Sea,2 Twin Beds","{""category"": ""room"", ""room_class"": ""unknown"", ""suite_type"": ""not_applicable"", ""club_access"": false, ""view"": ""unknown"", ""balcony"": false, ""terrace"": false, ""dormitory_bed_count"": null, ""dormitory_type"": ""not_applicable"", ""bed_type"": ""unknown"", ""bedroom_count"": null, ""bed_configuration"": [{""type"": ""twin"", ""count"": 2}], ""connecting_room"": false, ""swim_up"": false, ""annex"": false, ""jacuzzi"": false, ""hot_tub"": false, ""occupancy"": 3, ""single_use"": false, ""bed_relation"": ""unknown""}","{""category"": ""room"", ""room_class"": ""unknown"", ""suite_type"": ""not_applicable"", ""club_access"": false, ""view"": ""unknown"", ""balcony"": false, ""terrace"": false, ""dormitory_bed_count"": null, ""dormitory_type"": ""not_applicable"", ""bed_type"": ""unknown"", ""bedroom_count"": null, ""bed_configuration"": [{""type"": ""twin"", ""count"": 2}], ""connecting_room"": false, ""swim_up"": false, ""annex"": false, ""jacuzzi"": false, ""hot_tub"": false, ""occupancy"": 2, ""single_use"": false, ""bed_relation"": ""unknown""}",100.0,1,0,0,0,0,0,0,1,1,1,0,1,1,0,0,1
hotel_39620741_20260722_174828,39620741,132,113,"Main Building Sea Side 2+2,2 Twin Beds","Main Building Side Sea,2 Twin Beds","{""category"": ""room"", ""room_class"": ""unknown"", ""suite_type"": ""not_applicable"", ""club_access"": false, ""view"": ""unknown"", ""balcony"": false, ""terrace"": false, ""dormitory_bed_count"": null, ""dormitory_type"": ""not_applicable"", ""bed_type"": ""unknown"", ""bedroom_count"": null, ""bed_configuration"": [{""type"": ""twin"", ""count"": 2}], ""connecting_room"": false, ""swim_up"": false, ""annex"": false, ""jacuzzi"": false, ""hot_tub"": false, ""occupancy"": 2, ""single_use"": false, ""bed_relation"": ""unknown""}","{""category"": ""room"", ""room_class"": ""unknown"", ""suite_type"": ""not_applicable"", ""club_access"": false, ""view"": ""unknown"", ""balcony"": false, ""terrace"": false, ""dormitory_bed_count"": null, ""dormitory_type"": ""not_applicable"", ""bed_type"": ""unknown"", ""bedroom_count"": null, ""bed_configuration"": [{""type"": ""twin"", ""count"": 2}], ""connecting_room"": false, ""swim_up"": false, ""annex"": false, ""jacuzzi"": false, ""hot_tub"": false, ""occupancy"": 2, ""single_use"": false, ""bed_relation"": ""unknown""}",100.0,1,0,0,0,0,0,0,1,1,1,1,1,1,0,0,1
hotel_39620741_20260722_174828,39620741,134,123,"Main Building Sea Side Triple,2 Twin Beds",Main Building Sea Side Triple,"{""category"": ""room"", ""room_class"": ""unknown"", ""suite_type"": ""not_applicable"", ""club_access"": false, ""view"": ""unknown"", ""balcony"": false, ""terrace"": false, ""dormitory_bed_count"": null, ""dormitory_type"": ""not_applicable"", ""bed_type"": ""unknown"", ""bedroom_count"": null, ""bed_configuration"": [{""type"": ""twin"", ""count"": 2}], ""connecting_room"": false, ""swim_up"": false, ""annex"": false, ""jacuzzi"": false, ""hot_tub"": false, ""occupancy"": 3, ""single_use"": false, ""bed_relation"": ""unknown""}","{""category"": ""room"", ""room_class"": ""unknown"", ""suite_type"": ""not_applicable"", ""club_access"": false, ""view"": ""unknown"", ""balcony"": false, ""terrace"": false, ""dormitory_bed_count"": null, ""dormitory_type"": ""not_applicable"", ""bed_type"": ""unknown"", ""bedroom_count"": null, ""bed_configuration"": [], ""connecting_room"": false, ""swim_up"": false, ""annex"": false, ""jacuzzi"": false, ""hot_tub"": false, ""occupancy"": 3, ""single_use"": false, ""bed_relation"": ""unknown""}",100.0,1,0,0,0,0,0,0,0,0,1,1,1,1,0,0,1
hotel_39620741_20260722_174828,39620741,132,123,"Main Building Sea Side 2+2,2 Twin Beds",Main Building Sea Side Triple,"{""category"": ""room"", ""room_class"": ""unknown"", ""suite_type"": ""not_applicable"", ""club_access"": false, ""view"": ""unknown"", ""balcony"": false, ""terrace"": false, ""dormitory_bed_count"": null, ""dormitory_type"": ""not_applicable"", ""bed_type"": ""unknown"", ""bedroom_count"": null, ""bed_configuration"": [{""type"": ""twin"", ""count"": 2}], ""connecting_room"": false, ""swim_up"": false, ""annex"": false, ""jacuzzi"": false, ""hot_tub"": false, ""occupancy"": 2, ""single_use"": false, ""bed_relation"": ""unknown""}","{""category"": ""room"", ""room_class"": ""unknown"", ""suite_type"": ""not_applicable"", ""club_access"": false, ""view"": ""unknown"", ""balcony"": false, ""terrace"": false, ""dormitory_bed_count"": null, ""dormitory_type"": ""not_applicable"", ""bed_type"": ""unknown"", ""bedroom_count"": null, ""bed_configuration"": [], ""connecting_room"": false, ""swim_up"": false, ""annex"": false, ""jacuzzi"": false, ""hot_tub"": false, ""occupancy"": 3, ""single_use"": false, ""bed_relation"": ""unknown""}",86.27450980392157,1,0,0,0,0,0,0,0,0,1,0,1,1,0,0,1
hotel_39620741_20260722_174828,39620741,17,30,A BLOCK FAMILY LAND,Family Room Block A,"{""category"": ""family"", ""room_class"": ""unknown"", ""suite_type"": ""not_applicable"", ""club_access"": false, ""view"": ""unknown"", ""balcony"": false, ""terrace"": false, ""dormitory_bed_count"": null, ""dormitory_type"": ""not_applicable"", ""bed_type"": ""unknown"", ""bedroom_count"": null, ""bed_configuration"": [], ""connecting_room"": false, ""swim_up"": false, ""annex"": false, ""jacuzzi"": false, ""hot_tub"": false, ""occupancy"": null, ""single_use"": false, ""bed_relation"": ""unknown""}","{""category"": ""family"", ""room_class"": ""unknown"", ""suite_type"": ""not_applicable"", ""club_access"": false, ""view"": ""unknown"", ""balcony"": false, ""terrace"": false, ""dormitory_bed_count"": null, ""dormitory_type"": ""not_applicable"", ""bed_type"": ""unknown"", ""bedroom_count"": null, ""bed_configuration"": [], ""connecting_room"": false, ""swim_up"": false, ""annex"": false, ""jacuzzi"": false, ""hot_tub"": false, ""occupancy"": null, ""single_use"": false, ""bed_relation"": ""unknown""}",84.84848484848484,1,0,0,0,0,0,0,0,0,0,0,1,1,0,0,1
hotel_39620741_20260722_174828,39620741,17,145,A BLOCK FAMILY LAND,"A Block Family Land,1 Double Bed and 2 Twin Sofa Beds","{""category"": ""family"", ""room_class"": ""unknown"", ""suite_type"": ""not_applicable"", ""club_access"": false, ""view"": ""unknown"", ""balcony"": false, ""terrace"": false, ""dormitory_bed_count"": null, ""dormitory_type"": ""not_applicable"", ""bed_type"": ""unknown"", ""bedroom_count"": null, ""bed_configuration"": [], ""connecting_room"": false, ""swim_up"": false, ""annex"": false, ""jacuzzi"": false, ""hot_tub"": false, ""occupancy"": null, ""single_use"": false, ""bed_relation"": ""unknown""}","{""category"": ""family"", ""room_class"": ""unknown"", ""suite_type"": ""not_applicable"", ""club_access"": false, ""view"": ""unknown"", ""balcony"": false, ""terrace"": false, ""dormitory_bed_count"": null, ""dormitory_type"": ""not_applicable"", ""bed_type"": ""unknown"", ""bedroom_count"": null, ""bed_configuration"": [{""type"": ""double"", ""count"": 1}, {""type"": ""sofa"", ""count"": 2}, {""type"": ""twin"", ""count"": 2}], ""connecting_room"": false, ""swim_up"": false, ""annex"": false, ""jacuzzi"": false, ""hot_tub"": false, ""occupancy"": 2, ""single_use"": false, ""bed_relation"": ""combined""}",100.0,1,0,0,0,0,0,0,0,0,0,0,1,1,0,0,1
hotel_39620741_20260722_174828,39620741,65,22,FAMILY ROOM - MAIN BUILDING - SEA SIDE,Main Building Family Sea Side Quad,"{""category"": ""family"", ""room_class"": ""unknown"", ""suite_type"": ""not_applicable"", ""club_access"": false, ""view"": ""unknown"", ""balcony"": false, ""terrace"": false, ""dormitory_bed_count"": null, ""dormitory_type"": ""not_applicable"", ""bed_type"": ""unknown"", ""bedroom_count"": null, ""bed_configuration"": [], ""connecting_room"": false, ""swim_up"": false, ""annex"": false, ""jacuzzi"": false, ""hot_tub"": false, ""occupancy"": null, ""single_use"": false, ""bed_relation"": ""unknown""}","{""category"": ""family"", ""room_class"": ""unknown"", ""suite_type"": ""not_applicable"", ""club_access"": false, ""view"": ""unknown"", ""balcony"": false, ""terrace"": false, ""dormitory_bed_count"": null, ""dormitory_type"": ""not_applicable"", ""bed_type"": ""unknown"", ""bedroom_count"": null, ""bed_configuration"": [], ""connecting_room"": false, ""swim_up"": false, ""annex"": false, ""jacuzzi"": false, ""hot_tub"": false, ""occupancy"": 4, ""single_use"": false, ""bed_relation"": ""unknown""}",92.06349206349206,1,0,0,0,0,0,0,0,0,0,0,1,1,0,0,1
hotel_39620741_20260722_174828,39620741,18,60,Main Building Family Sea Side,FAMILY ROOM - MAIN BUILDING,"{""category"": ""family"", ""room_class"": ""unknown"", ""suite_type"": ""not_applicable"", ""club_access"": false, ""view"": ""unknown"", ""balcony"": false, ""terrace"": false, ""dormitory_bed_count"": null, ""dormitory_type"": ""not_applicable"", ""bed_type"": ""unknown"", ""bedroom_count"": null, ""bed_configuration"": [], ""connecting_room"": false, ""swim_up"": false, ""annex"": false, ""jacuzzi"": false, ""hot_tub"": false, ""occupancy"": null, ""single_use"": false, ""bed_relation"": ""unknown""}","{""category"": ""family"", ""room_class"": ""unknown"", ""suite_type"": ""not_applicable"", ""club_access"": false, ""view"": ""unknown"", ""balcony"": false, ""terrace"": false, ""dormitory_bed_count"": null, ""dormitory_type"": ""not_applicable"", ""bed_type"": ""unknown"", ""bedroom_count"": null, ""bed_configuration"": [], ""connecting_room"": false, ""swim_up"": false, ""annex"": false, ""jacuzzi"": false, ""hot_tub"": false, ""occupancy"": null, ""single_use"": false, ""bed_relation"": ""unknown""}",88.88888888888889,1,0,0,0,0,0,0,0,0,0,0,1,1,0,0,1
hotel_39620741_20260722_174828,39620741,65,63,FAMILY ROOM - MAIN BUILDING - SEA SIDE,FAMILY ROOM - A,"{""category"": ""family"", ""room_class"": ""unknown"", ""suite_type"": ""not_applicable"", ""club_access"": false, ""view"": ""unknown"", ""balcony"": false, ""terrace"": false, ""dormitory_bed_count"": null, ""dormitory_type"": ""not_applicable"", ""bed_type"": ""unknown"", ""bedroom_count"": null, ""bed_configuration"": [], ""connecting_room"": false, ""swim_up"": false, ""annex"": false, ""jacuzzi"": false, ""hot_tub"": false, ""occupancy"": null, ""single_use"": false, ""bed_relation"": ""unknown""}","{""category"": ""family"", ""room_class"": ""unknown"", ""suite_type"": ""not_applicable"", ""club_access"": false, ""view"": ""unknown"", ""balcony"": false, ""terrace"": false, ""dormitory_bed_count"": null, ""dormitory_type"": ""not_applicable"", ""bed_type"": ""unknown"", ""bedroom_count"": null, ""bed_configuration"": [], ""connecting_room"": false, ""swim_up"": false, ""annex"": false, ""jacuzzi"": false, ""hot_tub"": false, ""occupancy"": null, ""single_use"": false, ""bed_relation"": ""unknown""}",91.66666666666669,1,0,0,0,0,0,0,0,0,0,0,1,1,0,0,1
hotel_39620741_20260722_174828,39620741,18,147,Main Building Family Sea Side,"Main Building Family Side Sea,1 Double Bed and 2 Twin Sofa Beds","{""category"": ""family"", ""room_class"": ""unknown"", ""suite_type"": ""not_applicable"", ""club_access"": false, ""view"": ""unknown"", ""balcony"": false, ""terrace"": false, ""dormitory_bed_count"": null, ""dormitory_type"": ""not_applicable"", ""bed_type"": ""unknown"", ""bedroom_count"": null, ""bed_configuration"": [], ""connecting_room"": false, ""swim_up"": false, ""annex"": false, ""jacuzzi"": false, ""hot_tub"": false, ""occupancy"": null, ""single_use"": false, ""bed_relation"": ""unknown""}","{""category"": ""family"", ""room_class"": ""unknown"", ""suite_type"": ""not_applicable"", ""club_access"": false, ""view"": ""unknown"", ""balcony"": false, ""terrace"": false, ""dormitory_bed_count"": null, ""dormitory_type"": ""not_applicable"", ""bed_type"": ""unknown"", ""bedroom_count"": null, ""bed_configuration"": [{""type"": ""double"", ""count"": 1}, {""type"": ""sofa"", ""count"": 2}, {""type"": ""twin"", ""count"": 2}], ""connecting_room"": false, ""swim_up"": false, ""annex"": false, ""jacuzzi"": false, ""hot_tub"": false, ""occupancy"": 2, ""single_use"": false, ""bed_relation"": ""combined""}",100.0,1,0,0,0,0,0,0,0,0,0,0,1,1,0,0,1
hotel_39620741_20260722_174828,39620741,65,147,FAMILY ROOM - MAIN BUILDING - SEA SIDE,"Main Building Family Side Sea,1 Double Bed and 2 Twin Sofa Beds","{""category"": ""family"", ""room_class"": ""unknown"", ""suite_type"": ""not_applicable"", ""club_access"": false, ""view"": ""unknown"", ""balcony"": false, ""terrace"": false, ""dormitory_bed_count"": null, ""dormitory_type"": ""not_applicable"", ""bed_type"": ""unknown"", ""bedroom_count"": null, ""bed_configuration"": [], ""connecting_room"": false, ""swim_up"": false, ""annex"": false, ""jacuzzi"": false, ""hot_tub"": false, ""occupancy"": null, ""single_use"": false, ""bed_relation"": ""unknown""}","{""category"": ""family"", ""room_class"": ""unknown"", ""suite_type"": ""not_applicable"", ""club_access"": false, ""view"": ""unknown"", ""balcony"": false, ""terrace"": false, ""dormitory_bed_count"": null, ""dormitory_type"": ""not_applicable"", ""bed_type"": ""unknown"", ""bedroom_count"": null, ""bed_configuration"": [{""type"": ""double"", ""count"": 1}, {""type"": ""sofa"", ""count"": 2}, {""type"": ""twin"", ""count"": 2}], ""connecting_room"": false, ""swim_up"": false, ""annex"": false, ""jacuzzi"": false, ""hot_tub"": false, ""occupancy"": 2, ""single_use"": false, ""bed_relation"": ""combined""}",92.06349206349206,1,0,0,0,0,0,0,0,0,0,0,1,1,0,0,1
hotel_39620741_20260722_174828,39620741,65,161,FAMILY ROOM - MAIN BUILDING - SEA SIDE,"Main Building Family Sea Side Quad,1 Double Bed and 2 Twin Sofa Beds","{""category"": ""family"", ""room_class"": ""unknown"", ""suite_type"": ""not_applicable"", ""club_access"": false, ""view"": ""unknown"", ""balcony"": false, ""terrace"": false, ""dormitory_bed_count"": null, ""dormitory_type"": ""not_applicable"", ""bed_type"": ""unknown"", ""bedroom_count"": null, ""bed_configuration"": [], ""connecting_room"": false, ""swim_up"": false, ""annex"": false, ""jacuzzi"": false, ""hot_tub"": false, ""occupancy"": null, ""single_use"": false, ""bed_relation"": ""unknown""}","{""category"": ""family"", ""room_class"": ""unknown"", ""suite_type"": ""not_applicable"", ""club_access"": false, ""view"": ""unknown"", ""balcony"": false, ""terrace"": false, ""dormitory_bed_count"": null, ""dormitory_type"": ""not_applicable"", ""bed_type"": ""unknown"", ""bedroom_count"": null, ""bed_configuration"": [{""type"": ""double"", ""count"": 1}, {""type"": ""sofa"", ""count"": 2}, {""type"": ""twin"", ""count"": 2}], ""connecting_room"": false, ""swim_up"": false, ""annex"": false, ""jacuzzi"": false, ""hot_tub"": false, ""occupancy"": 4, ""single_use"": false, ""bed_relation"": ""combined""}",92.06349206349206,1,0,0,0,0,0,0,0,0,0,0,1,1,0,0,1
hotel_39620741_20260722_174828,39620741,65,167,FAMILY ROOM - MAIN BUILDING - SEA SIDE,Main Building Family Sea Side 5 Person,"{""category"": ""family"", ""room_class"": ""unknown"", ""suite_type"": ""not_applicable"", ""club_access"": false, ""view"": ""unknown"", ""balcony"": false, ""terrace"": false, ""dormitory_bed_count"": null, ""dormitory_type"": ""not_applicable"", ""bed_type"": ""unknown"", ""bedroom_count"": null, ""bed_configuration"": [], ""connecting_room"": false, ""swim_up"": false, ""annex"": false, ""jacuzzi"": false, ""hot_tub"": false, ""occupancy"": null, ""single_use"": false, ""bed_relation"": ""unknown""}","{""category"": ""family"", ""room_class"": ""unknown"", ""suite_type"": ""not_applicable"", ""club_access"": false, ""view"": ""unknown"", ""balcony"": false, ""terrace"": false, ""dormitory_bed_count"": null, ""dormitory_type"": ""not_applicable"", ""bed_type"": ""unknown"", ""bedroom_count"": null, ""bed_configuration"": [], ""connecting_room"": false, ""swim_up"": false, ""annex"": false, ""jacuzzi"": false, ""hot_tub"": false, ""occupancy"": 5, ""single_use"": false, ""bed_relation"": ""unknown""}",92.06349206349206,1,0,0,0,0,0,0,0,0,0,0,1,1,0,0,1
hotel_39620741_20260722_174828,39620741,65,171,FAMILY ROOM - MAIN BUILDING - SEA SIDE,"Main Building Family Sea Side 5 Person,1 Double Bed and 2 Twin Sofa Beds","{""category"": ""family"", ""room_class"": ""unknown"", ""suite_type"": ""not_applicable"", ""club_access"": false, ""view"": ""unknown"", ""balcony"": false, ""terrace"": false, ""dormitory_bed_count"": null, ""dormitory_type"": ""not_applicable"", ""bed_type"": ""unknown"", ""bedroom_count"": null, ""bed_configuration"": [], ""connecting_room"": false, ""swim_up"": false, ""annex"": false, ""jacuzzi"": false, ""hot_tub"": false, ""occupancy"": null, ""single_use"": false, ""bed_relation"": ""unknown""}","{""category"": ""family"", ""room_class"": ""unknown"", ""suite_type"": ""not_applicable"", ""club_access"": false, ""view"": ""unknown"", ""balcony"": false, ""terrace"": false, ""dormitory_bed_count"": null, ""dormitory_type"": ""not_applicable"", ""bed_type"": ""unknown"", ""bedroom_count"": null, ""bed_configuration"": [{""type"": ""double"", ""count"": 1}, {""type"": ""sofa"", ""count"": 2}, {""type"": ""twin"", ""count"": 2}], ""connecting_room"": false, ""swim_up"": false, ""annex"": false, ""jacuzzi"": false, ""hot_tub"": false, ""occupancy"": 5, ""single_use"": false, ""bed_relation"": ""combined""}",92.06349206349206,1,0,0,0,0,0,0,0,0,0,0,1,1,0,0,1
hotel_39620741_20260722_174828,39620741,20,103,"Lagoon Duplex Swim up , 1 Double Bed and 2 Twin Sofa Beds",Lagoon Duplex Swim Up Quad,"{""category"": ""duplex"", ""room_class"": ""unknown"", ""suite_type"": ""not_applicable"", ""club_access"": false, ""view"": ""lagoon"", ""balcony"": false, ""terrace"": false, ""dormitory_bed_count"": null, ""dormitory_type"": ""not_applicable"", ""bed_type"": ""unknown"", ""bedroom_count"": null, ""bed_configuration"": [{""type"": ""double"", ""count"": 1}, {""type"": ""sofa"", ""count"": 2}, {""type"": ""twin"", ""count"": 2}], ""connecting_room"": false, ""swim_up"": true, ""annex"": false, ""jacuzzi"": false, ""hot_tub"": false, ""occupancy"": 2, ""single_use"": false, ""bed_relation"": ""combined""}","{""category"": ""duplex"", ""room_class"": ""unknown"", ""suite_type"": ""not_applicable"", ""club_access"": false, ""view"": ""lagoon"", ""balcony"": false, ""terrace"": false, ""dormitory_bed_count"": null, ""dormitory_type"": ""not_applicable"", ""bed_type"": ""unknown"", ""bedroom_count"": null, ""bed_configuration"": [], ""connecting_room"": false, ""swim_up"": true, ""annex"": false, ""jacuzzi"": false, ""hot_tub"": false, ""occupancy"": 4, ""single_use"": false, ""bed_relation"": ""unknown""}",89.36170212765957,1,0,0,1,1,0,0,0,0,1,0,1,1,0,0,1
hotel_39620741_20260722_174828,39620741,149,103,"Lagoon Duplex Swim up,1 Double Bed and 2 Twin Sofa Beds",Lagoon Duplex Swim Up Quad,"{""category"": ""duplex"", ""room_class"": ""unknown"", ""suite_type"": ""not_applicable"", ""club_access"": false, ""view"": ""lagoon"", ""balcony"": false, ""terrace"": false, ""dormitory_bed_count"": null, ""dormitory_type"": ""not_applicable"", ""bed_type"": ""unknown"", ""bedroom_count"": null, ""bed_configuration"": [{""type"": ""double"", ""count"": 1}, {""type"": ""sofa"", ""count"": 2}, {""type"": ""twin"", ""count"": 2}], ""connecting_room"": false, ""swim_up"": true, ""annex"": false, ""jacuzzi"": false, ""hot_tub"": false, ""occupancy"": 2, ""single_use"": false, ""bed_relation"": ""combined""}","{""category"": ""duplex"", ""room_class"": ""unknown"", ""suite_type"": ""not_applicable"", ""club_access"": false, ""view"": ""lagoon"", ""balcony"": false, ""terrace"": false, ""dormitory_bed_count"": null, ""dormitory_type"": ""not_applicable"", ""bed_type"": ""unknown"", ""bedroom_count"": null, ""bed_configuration"": [], ""connecting_room"": false, ""swim_up"": true, ""annex"": false, ""jacuzzi"": false, ""hot_tub"": false, ""occupancy"": 4, ""single_use"": false, ""bed_relation"": ""unknown""}",89.36170212765957,1,0,0,1,1,0,0,0,0,1,0,1,1,0,0,1
hotel_39620741_20260722_174828,39620741,169,103,"Lagoon Duplex Swim Up 5 Person,1 Double Bed and 2 Twin Sofa Beds",Lagoon Duplex Swim Up Quad,"{""category"": ""duplex"", ""room_class"": ""unknown"", ""suite_type"": ""not_applicable"", ""club_access"": false, ""view"": ""lagoon"", ""balcony"": false, ""terrace"": false, ""dormitory_bed_count"": null, ""dormitory_type"": ""not_applicable"", ""bed_type"": ""unknown"", ""bedroom_count"": null, ""bed_configuration"": [{""type"": ""double"", ""count"": 1}, {""type"": ""sofa"", ""count"": 2}, {""type"": ""twin"", ""count"": 2}], ""connecting_room"": false, ""swim_up"": true, ""annex"": false, ""jacuzzi"": false, ""hot_tub"": false, ""occupancy"": 5, ""single_use"": false, ""bed_relation"": ""combined""}","{""category"": ""duplex"", ""room_class"": ""unknown"", ""suite_type"": ""not_applicable"", ""club_access"": false, ""view"": ""lagoon"", ""balcony"": false, ""terrace"": false, ""dormitory_bed_count"": null, ""dormitory_type"": ""not_applicable"", ""bed_type"": ""unknown"", ""bedroom_count"": null, ""bed_configuration"": [], ""connecting_room"": false, ""swim_up"": true, ""annex"": false, ""jacuzzi"": false, ""hot_tub"": false, ""occupancy"": 4, ""single_use"": false, ""bed_relation"": ""unknown""}",89.36170212765957,1,0,0,1,1,0,0,0,0,1,0,1,1,0,0,1
hotel_39620741_20260722_174828,39620741,169,165,"Lagoon Duplex Swim Up 5 Person,1 Double Bed and 2 Twin Sofa Beds","Lagoon Duplex Swim Up Quad , 1 Double Bed and 2 Twin Sofa Beds","{""category"": ""duplex"", ""room_class"": ""unknown"", ""suite_type"": ""not_applicable"", ""club_access"": false, ""view"": ""lagoon"", ""balcony"": false, ""terrace"": false, ""dormitory_bed_count"": null, ""dormitory_type"": ""not_applicable"", ""bed_type"": ""unknown"", ""bedroom_count"": null, ""bed_configuration"": [{""type"": ""double"", ""count"": 1}, {""type"": ""sofa"", ""count"": 2}, {""type"": ""twin"", ""count"": 2}], ""connecting_room"": false, ""swim_up"": true, ""annex"": false, ""jacuzzi"": false, ""hot_tub"": false, ""occupancy"": 5, ""single_use"": false, ""bed_relation"": ""combined""}","{""category"": ""duplex"", ""room_class"": ""unknown"", ""suite_type"": ""not_applicable"", ""club_access"": false, ""view"": ""lagoon"", ""balcony"": false, ""terrace"": false, ""dormitory_bed_count"": null, ""dormitory_type"": ""not_applicable"", ""bed_type"": ""unknown"", ""bedroom_count"": null, ""bed_configuration"": [{""type"": ""double"", ""count"": 1}, {""type"": ""sofa"", ""count"": 2}, {""type"": ""twin"", ""count"": 2}], ""connecting_room"": false, ""swim_up"": true, ""annex"": false, ""jacuzzi"": false, ""hot_tub"": false, ""occupancy"": 4, ""single_use"": false, ""bed_relation"": ""combined""}",95.65217391304348,1,0,0,1,1,0,0,1,1,1,0,1,1,0,0,1
hotel_39620741_20260722_174828,39620741,20,144,"Lagoon Duplex Swim up , 1 Double Bed and 2 Twin Sofa Beds",Lagoon Duplex Swim-up,"{""category"": ""duplex"", ""room_class"": ""unknown"", ""suite_type"": ""not_applicable"", ""club_access"": false, ""view"": ""lagoon"", ""balcony"": false, ""terrace"": false, ""dormitory_bed_count"": null, ""dormitory_type"": ""not_applicable"", ""bed_type"": ""unknown"", ""bedroom_count"": null, ""bed_configuration"": [{""type"": ""double"", ""count"": 1}, {""type"": ""sofa"", ""count"": 2}, {""type"": ""twin"", ""count"": 2}], ""connecting_room"": false, ""swim_up"": true, ""annex"": false, ""jacuzzi"": false, ""hot_tub"": false, ""occupancy"": 2, ""single_use"": false, ""bed_relation"": ""combined""}","{""category"": ""duplex"", ""room_class"": ""unknown"", ""suite_type"": ""not_applicable"", ""club_access"": false, ""view"": ""lagoon"", ""balcony"": false, ""terrace"": false, ""dormitory_bed_count"": null, ""dormitory_type"": ""not_applicable"", ""bed_type"": ""unknown"", ""bedroom_count"": null, ""bed_configuration"": [], ""connecting_room"": false, ""swim_up"": true, ""annex"": false, ""jacuzzi"": false, ""hot_tub"": false, ""occupancy"": null, ""single_use"": false, ""bed_relation"": ""unknown""}",100.0,1,0,0,1,1,0,0,0,0,0,0,1,1,0,0,1
hotel_39620741_20260722_174828,39620741,149,32,"Lagoon Duplex Swim up,1 Double Bed and 2 Twin Sofa Beds",Lagoon Duplex Swim Up,"{""category"": ""duplex"", ""room_class"": ""unknown"", ""suite_type"": ""not_applicable"", ""club_access"": false, ""view"": ""lagoon"", ""balcony"": false, ""terrace"": false, ""dormitory_bed_count"": null, ""dormitory_type"": ""not_applicable"", ""bed_type"": ""unknown"", ""bedroom_count"": null, ""bed_configuration"": [{""type"": ""double"", ""count"": 1}, {""type"": ""sofa"", ""count"": 2}, {""type"": ""twin"", ""count"": 2}], ""connecting_room"": false, ""swim_up"": true, ""annex"": false, ""jacuzzi"": false, ""hot_tub"": false, ""occupancy"": 2, ""single_use"": false, ""bed_relation"": ""combined""}","{""category"": ""duplex"", ""room_class"": ""unknown"", ""suite_type"": ""not_applicable"", ""club_access"": false, ""view"": ""lagoon"", ""balcony"": false, ""terrace"": false, ""dormitory_bed_count"": null, ""dormitory_type"": ""not_applicable"", ""bed_type"": ""unknown"", ""bedroom_count"": null, ""bed_configuration"": [], ""connecting_room"": false, ""swim_up"": true, ""annex"": false, ""jacuzzi"": false, ""hot_tub"": false, ""occupancy"": null, ""single_use"": false, ""bed_relation"": ""unknown""}",100.0,1,0,0,1,1,0,0,0,0,0,0,1,1,0,0,1
hotel_39620741_20260722_174828,39620741,149,144,"Lagoon Duplex Swim up,1 Double Bed and 2 Twin Sofa Beds",Lagoon Duplex Swim-up,"{""category"": ""duplex"", ""room_class"": ""unknown"", ""suite_type"": ""not_applicable"", ""club_access"": false, ""view"": ""lagoon"", ""balcony"": false, ""terrace"": false, ""dormitory_bed_count"": null, ""dormitory_type"": ""not_applicable"", ""bed_type"": ""unknown"", ""bedroom_count"": null, ""bed_configuration"": [{""type"": ""double"", ""count"": 1}, {""type"": ""sofa"", ""count"": 2}, {""type"": ""twin"", ""count"": 2}], ""connecting_room"": false, ""swim_up"": true, ""annex"": false, ""jacuzzi"": false, ""hot_tub"": false, ""occupancy"": 2, ""single_use"": false, ""bed_relation"": ""combined""}","{""category"": ""duplex"", ""room_class"": ""unknown"", ""suite_type"": ""not_applicable"", ""club_access"": false, ""view"": ""lagoon"", ""balcony"": false, ""terrace"": false, ""dormitory_bed_count"": null, ""dormitory_type"": ""not_applicable"", ""bed_type"": ""unknown"", ""bedroom_count"": null, ""bed_configuration"": [], ""connecting_room"": false, ""swim_up"": true, ""annex"": false, ""jacuzzi"": false, ""hot_tub"": false, ""occupancy"": null, ""single_use"": false, ""bed_relation"": ""unknown""}",100.0,1,0,0,1,1,0,0,0,0,0,0,1,1,0,0,1
hotel_39620741_20260722_174828,39620741,169,144,"Lagoon Duplex Swim Up 5 Person,1 Double Bed and 2 Twin Sofa Beds",Lagoon Duplex Swim-up,"{""category"": ""duplex"", ""room_class"": ""unknown"", ""suite_type"": ""not_applicable"", ""club_access"": false, ""view"": ""lagoon"", ""balcony"": false, ""terrace"": false, ""dormitory_bed_count"": null, ""dormitory_type"": ""not_applicable"", ""bed_type"": ""unknown"", ""bedroom_count"": null, ""bed_configuration"": [{""type"": ""double"", ""count"": 1}, {""type"": ""sofa"", ""count"": 2}, {""type"": ""twin"", ""count"": 2}], ""connecting_room"": false, ""swim_up"": true, ""annex"": false, ""jacuzzi"": false, ""hot_tub"": false, ""occupancy"": 5, ""single_use"": false, ""bed_relation"": ""combined""}","{""category"": ""duplex"", ""room_class"": ""unknown"", ""suite_type"": ""not_applicable"", ""club_access"": false, ""view"": ""lagoon"", ""balcony"": false, ""terrace"": false, ""dormitory_bed_count"": null, ""dormitory_type"": ""not_applicable"", ""bed_type"": ""unknown"", ""bedroom_count"": null, ""bed_configuration"": [], ""connecting_room"": false, ""swim_up"": true, ""annex"": false, ""jacuzzi"": false, ""hot_tub"": false, ""occupancy"": null, ""single_use"": false, ""bed_relation"": ""unknown""}",100.0,1,0,0,1,1,0,0,0,0,0,0,1,1,0,0,1
hotel_39620741_20260722_174828,39620741,20,59,"Lagoon Duplex Swim up , 1 Double Bed and 2 Twin Sofa Beds",DUPLEX - SWIM UP,"{""category"": ""duplex"", ""room_class"": ""unknown"", ""suite_type"": ""not_applicable"", ""club_access"": false, ""view"": ""lagoon"", ""balcony"": false, ""terrace"": false, ""dormitory_bed_count"": null, ""dormitory_type"": ""not_applicable"", ""bed_type"": ""unknown"", ""bedroom_count"": null, ""bed_configuration"": [{""type"": ""double"", ""count"": 1}, {""type"": ""sofa"", ""count"": 2}, {""type"": ""twin"", ""count"": 2}], ""connecting_room"": false, ""swim_up"": true, ""annex"": false, ""jacuzzi"": false, ""hot_tub"": false, ""occupancy"": 2, ""single_use"": false, ""bed_relation"": ""combined""}","{""category"": ""duplex"", ""room_class"": ""unknown"", ""suite_type"": ""not_applicable"", ""club_access"": false, ""view"": ""unknown"", ""balcony"": false, ""terrace"": false, ""dormitory_bed_count"": null, ""dormitory_type"": ""not_applicable"", ""bed_type"": ""unknown"", ""bedroom_count"": null, ""bed_configuration"": [], ""connecting_room"": false, ""swim_up"": true, ""annex"": false, ""jacuzzi"": false, ""hot_tub"": false, ""occupancy"": null, ""single_use"": false, ""bed_relation"": ""unknown""}",100.0,1,0,0,0,0,0,0,0,0,0,0,1,1,0,0,1
hotel_39620741_20260722_174828,39620741,149,59,"Lagoon Duplex Swim up,1 Double Bed and 2 Twin Sofa Beds",DUPLEX - SWIM UP,"{""category"": ""duplex"", ""room_class"": ""unknown"", ""suite_type"": ""not_applicable"", ""club_access"": false, ""view"": ""lagoon"", ""balcony"": false, ""terrace"": false, ""dormitory_bed_count"": null, ""dormitory_type"": ""not_applicable"", ""bed_type"": ""unknown"", ""bedroom_count"": null, ""bed_configuration"": [{""type"": ""double"", ""count"": 1}, {""type"": ""sofa"", ""count"": 2}, {""type"": ""twin"", ""count"": 2}], ""connecting_room"": false, ""swim_up"": true, ""annex"": false, ""jacuzzi"": false, ""hot_tub"": false, ""occupancy"": 2, ""single_use"": false, ""bed_relation"": ""combined""}","{""category"": ""duplex"", ""room_class"": ""unknown"", ""suite_type"": ""not_applicable"", ""club_access"": false, ""view"": ""unknown"", ""balcony"": false, ""terrace"": false, ""dormitory_bed_count"": null, ""dormitory_type"": ""not_applicable"", ""bed_type"": ""unknown"", ""bedroom_count"": null, ""bed_configuration"": [], ""connecting_room"": false, ""swim_up"": true, ""annex"": false, ""jacuzzi"": false, ""hot_tub"": false, ""occupancy"": null, ""single_use"": false, ""bed_relation"": ""unknown""}",100.0,1,0,0,0,0,0,0,0,0,0,0,1,1,0,0,1
hotel_39620741_20260722_174828,39620741,169,59,"Lagoon Duplex Swim Up 5 Person,1 Double Bed and 2 Twin Sofa Beds",DUPLEX - SWIM UP,"{""category"": ""duplex"", ""room_class"": ""unknown"", ""suite_type"": ""not_applicable"", ""club_access"": false, ""view"": ""lagoon"", ""balcony"": false, ""terrace"": false, ""dormitory_bed_count"": null, ""dormitory_type"": ""not_applicable"", ""bed_type"": ""unknown"", ""bedroom_count"": null, ""bed_configuration"": [{""type"": ""double"", ""count"": 1}, {""type"": ""sofa"", ""count"": 2}, {""type"": ""twin"", ""count"": 2}], ""connecting_room"": false, ""swim_up"": true, ""annex"": false, ""jacuzzi"": false, ""hot_tub"": false, ""occupancy"": 5, ""single_use"": false, ""bed_relation"": ""combined""}","{""category"": ""duplex"", ""room_class"": ""unknown"", ""suite_type"": ""not_applicable"", ""club_access"": false, ""view"": ""unknown"", ""balcony"": false, ""terrace"": false, ""dormitory_bed_count"": null, ""dormitory_type"": ""not_applicable"", ""bed_type"": ""unknown"", ""bedroom_count"": null, ""bed_configuration"": [], ""connecting_room"": false, ""swim_up"": true, ""annex"": false, ""jacuzzi"": false, ""hot_tub"": false, ""occupancy"": null, ""single_use"": false, ""bed_relation"": ""unknown""}",100.0,1,0,0,0,0,0,0,0,0,0,0,1,1,0,0,1
hotel_39620741_20260722_174828,39620741,169,157,"Lagoon Duplex Swim Up 5 Person,1 Double Bed and 2 Twin Sofa Beds","Lagoon Duplex Swim Up Quad,1 Double Bed and 2 Twin Sofa Beds","{""category"": ""duplex"", ""room_class"": ""unknown"", ""suite_type"": ""not_applicable"", ""club_access"": false, ""view"": ""lagoon"", ""balcony"": false, ""terrace"": false, ""dormitory_bed_count"": null, ""dormitory_type"": ""not_applicable"", ""bed_type"": ""unknown"", ""bedroom_count"": null, ""bed_configuration"": [{""type"": ""double"", ""count"": 1}, {""type"": ""sofa"", ""count"": 2}, {""type"": ""twin"", ""count"": 2}], ""connecting_room"": false, ""swim_up"": true, ""annex"": false, ""jacuzzi"": false, ""hot_tub"": false, ""occupancy"": 5, ""single_use"": false, ""bed_relation"": ""combined""}","{""category"": ""duplex"", ""room_class"": ""unknown"", ""suite_type"": ""not_applicable"", ""club_access"": false, ""view"": ""lagoon"", ""balcony"": false, ""terrace"": false, ""dormitory_bed_count"": null, ""dormitory_type"": ""not_applicable"", ""bed_type"": ""unknown"", ""bedroom_count"": null, ""bed_configuration"": [{""type"": ""double"", ""count"": 1}, {""type"": ""sofa"", ""count"": 2}, {""type"": ""twin"", ""count"": 2}], ""connecting_room"": false, ""swim_up"": true, ""annex"": false, ""jacuzzi"": false, ""hot_tub"": false, ""occupancy"": 4, ""single_use"": false, ""bed_relation"": ""combined""}",95.65217391304348,1,0,0,1,1,0,0,1,1,1,0,1,1,0,0,1
hotel_39620741_20260722_174828,39620741,20,172,"Lagoon Duplex Swim up , 1 Double Bed and 2 Twin Sofa Beds",Lagoon Duplex Swim Up 5 Person,"{""category"": ""duplex"", ""room_class"": ""unknown"", ""suite_type"": ""not_applicable"", ""club_access"": false, ""view"": ""lagoon"", ""balcony"": false, ""terrace"": false, ""dormitory_bed_count"": null, ""dormitory_type"": ""not_applicable"", ""bed_type"": ""unknown"", ""bedroom_count"": null, ""bed_configuration"": [{""type"": ""double"", ""count"": 1}, {""type"": ""sofa"", ""count"": 2}, {""type"": ""twin"", ""count"": 2}], ""connecting_room"": false, ""swim_up"": true, ""annex"": false, ""jacuzzi"": false, ""hot_tub"": false, ""occupancy"": 2, ""single_use"": false, ""bed_relation"": ""combined""}","{""category"": ""duplex"", ""room_class"": ""unknown"", ""suite_type"": ""not_applicable"", ""club_access"": false, ""view"": ""lagoon"", ""balcony"": false, ""terrace"": false, ""dormitory_bed_count"": null, ""dormitory_type"": ""not_applicable"", ""bed_type"": ""unknown"", ""bedroom_count"": null, ""bed_configuration"": [], ""connecting_room"": false, ""swim_up"": true, ""annex"": false, ""jacuzzi"": false, ""hot_tub"": false, ""occupancy"": 5, ""single_use"": false, ""bed_relation"": ""unknown""}",82.35294117647058,1,0,0,1,1,0,0,0,0,1,0,1,1,0,0,1
hotel_39620741_20260722_174828,39620741,149,172,"Lagoon Duplex Swim up,1 Double Bed and 2 Twin Sofa Beds",Lagoon Duplex Swim Up 5 Person,"{""category"": ""duplex"", ""room_class"": ""unknown"", ""suite_type"": ""not_applicable"", ""club_access"": false, ""view"": ""lagoon"", ""balcony"": false, ""terrace"": false, ""dormitory_bed_count"": null, ""dormitory_type"": ""not_applicable"", ""bed_type"": ""unknown"", ""bedroom_count"": null, ""bed_configuration"": [{""type"": ""double"", ""count"": 1}, {""type"": ""sofa"", ""count"": 2}, {""type"": ""twin"", ""count"": 2}], ""connecting_room"": false, ""swim_up"": true, ""annex"": false, ""jacuzzi"": false, ""hot_tub"": false, ""occupancy"": 2, ""single_use"": false, ""bed_relation"": ""combined""}","{""category"": ""duplex"", ""room_class"": ""unknown"", ""suite_type"": ""not_applicable"", ""club_access"": false, ""view"": ""lagoon"", ""balcony"": false, ""terrace"": false, ""dormitory_bed_count"": null, ""dormitory_type"": ""not_applicable"", ""bed_type"": ""unknown"", ""bedroom_count"": null, ""bed_configuration"": [], ""connecting_room"": false, ""swim_up"": true, ""annex"": false, ""jacuzzi"": false, ""hot_tub"": false, ""occupancy"": 5, ""single_use"": false, ""bed_relation"": ""unknown""}",82.35294117647058,1,0,0,1,1,0,0,0,0,1,0,1,1,0,0,1
hotel_39620741_20260722_174828,39620741,169,172,"Lagoon Duplex Swim Up 5 Person,1 Double Bed and 2 Twin Sofa Beds",Lagoon Duplex Swim Up 5 Person,"{""category"": ""duplex"", ""room_class"": ""unknown"", ""suite_type"": ""not_applicable"", ""club_access"": false, ""view"": ""lagoon"", ""balcony"": false, ""terrace"": false, ""dormitory_bed_count"": null, ""dormitory_type"": ""not_applicable"", ""bed_type"": ""unknown"", ""bedroom_count"": null, ""bed_configuration"": [{""type"": ""double"", ""count"": 1}, {""type"": ""sofa"", ""count"": 2}, {""type"": ""twin"", ""count"": 2}], ""connecting_room"": false, ""swim_up"": true, ""annex"": false, ""jacuzzi"": false, ""hot_tub"": false, ""occupancy"": 5, ""single_use"": false, ""bed_relation"": ""combined""}","{""category"": ""duplex"", ""room_class"": ""unknown"", ""suite_type"": ""not_applicable"", ""club_access"": false, ""view"": ""lagoon"", ""balcony"": false, ""terrace"": false, ""dormitory_bed_count"": null, ""dormitory_type"": ""not_applicable"", ""bed_type"": ""unknown"", ""bedroom_count"": null, ""bed_configuration"": [], ""connecting_room"": false, ""swim_up"": true, ""annex"": false, ""jacuzzi"": false, ""hot_tub"": false, ""occupancy"": 5, ""single_use"": false, ""bed_relation"": ""unknown""}",100.0,1,0,0,1,1,0,0,0,0,1,1,1,1,0,0,1
hotel_39620741_20260722_174828,39620741,21,32,Lagoon Duplex Swim-up Quad,Lagoon Duplex Swim Up,"{""category"": ""duplex"", ""room_class"": ""unknown"", ""suite_type"": ""not_applicable"", ""club_access"": false, ""view"": ""lagoon"", ""balcony"": false, ""terrace"": false, ""dormitory_bed_count"": null, ""dormitory_type"": ""not_applicable"", ""bed_type"": ""unknown"", ""bedroom_count"": null, ""bed_configuration"": [], ""connecting_room"": false, ""swim_up"": true, ""annex"": false, ""jacuzzi"": false, ""hot_tub"": false, ""occupancy"": 4, ""single_use"": false, ""bed_relation"": ""unknown""}","{""category"": ""duplex"", ""room_class"": ""unknown"", ""suite_type"": ""not_applicable"", ""club_access"": false, ""view"": ""lagoon"", ""balcony"": false, ""terrace"": false, ""dormitory_bed_count"": null, ""dormitory_type"": ""not_applicable"", ""bed_type"": ""unknown"", ""bedroom_count"": null, ""bed_configuration"": [], ""connecting_room"": false, ""swim_up"": true, ""annex"": false, ""jacuzzi"": false, ""hot_tub"": false, ""occupancy"": null, ""single_use"": false, ""bed_relation"": ""unknown""}",100.0,1,0,0,1,1,0,0,0,0,0,0,1,1,0,0,1
hotel_39620741_20260722_174828,39620741,103,144,Lagoon Duplex Swim Up Quad,Lagoon Duplex Swim-up,"{""category"": ""duplex"", ""room_class"": ""unknown"", ""suite_type"": ""not_applicable"", ""club_access"": false, ""view"": ""lagoon"", ""balcony"": false, ""terrace"": false, ""dormitory_bed_count"": null, ""dormitory_type"": ""not_applicable"", ""bed_type"": ""unknown"", ""bedroom_count"": null, ""bed_configuration"": [], ""connecting_room"": false, ""swim_up"": true, ""annex"": false, ""jacuzzi"": false, ""hot_tub"": false, ""occupancy"": 4, ""single_use"": false, ""bed_relation"": ""unknown""}","{""category"": ""duplex"", ""room_class"": ""unknown"", ""suite_type"": ""not_applicable"", ""club_access"": false, ""view"": ""lagoon"", ""balcony"": false, ""terrace"": false, ""dormitory_bed_count"": null, ""dormitory_type"": ""not_applicable"", ""bed_type"": ""unknown"", ""bedroom_count"": null, ""bed_configuration"": [], ""connecting_room"": false, ""swim_up"": true, ""annex"": false, ""jacuzzi"": false, ""hot_tub"": false, ""occupancy"": null, ""single_use"": false, ""bed_relation"": ""unknown""}",100.0,1,0,0,1,1,0,0,0,0,0,0,1,1,0,0,1
hotel_39620741_20260722_174828,39620741,165,144,"Lagoon Duplex Swim Up Quad , 1 Double Bed and 2 Twin Sofa Beds",Lagoon Duplex Swim-up,"{""category"": ""duplex"", ""room_class"": ""unknown"", ""suite_type"": ""not_applicable"", ""club_access"": false, ""view"": ""lagoon"", ""balcony"": false, ""terrace"": false, ""dormitory_bed_count"": null, ""dormitory_type"": ""not_applicable"", ""bed_type"": ""unknown"", ""bedroom_count"": null, ""bed_configuration"": [{""type"": ""double"", ""count"": 1}, {""type"": ""sofa"", ""count"": 2}, {""type"": ""twin"", ""count"": 2}], ""connecting_room"": false, ""swim_up"": true, ""annex"": false, ""jacuzzi"": false, ""hot_tub"": false, ""occupancy"": 4, ""single_use"": false, ""bed_relation"": ""combined""}","{""category"": ""duplex"", ""room_class"": ""unknown"", ""suite_type"": ""not_applicable"", ""club_access"": false, ""view"": ""lagoon"", ""balcony"": false, ""terrace"": false, ""dormitory_bed_count"": null, ""dormitory_type"": ""not_applicable"", ""bed_type"": ""unknown"", ""bedroom_count"": null, ""bed_configuration"": [], ""connecting_room"": false, ""swim_up"": true, ""annex"": false, ""jacuzzi"": false, ""hot_tub"": false, ""occupancy"": null, ""single_use"": false, ""bed_relation"": ""unknown""}",100.0,1,0,0,1,1,0,0,0,0,0,0,1,1,0,0,1
hotel_39620741_20260722_174828,39620741,103,59,Lagoon Duplex Swim Up Quad,DUPLEX - SWIM UP,"{""category"": ""duplex"", ""room_class"": ""unknown"", ""suite_type"": ""not_applicable"", ""club_access"": false, ""view"": ""lagoon"", ""balcony"": false, ""terrace"": false, ""dormitory_bed_count"": null, ""dormitory_type"": ""not_applicable"", ""bed_type"": ""unknown"", ""bedroom_count"": null, ""bed_configuration"": [], ""connecting_room"": false, ""swim_up"": true, ""annex"": false, ""jacuzzi"": false, ""hot_tub"": false, ""occupancy"": 4, ""single_use"": false, ""bed_relation"": ""unknown""}","{""category"": ""duplex"", ""room_class"": ""unknown"", ""suite_type"": ""not_applicable"", ""club_access"": false, ""view"": ""unknown"", ""balcony"": false, ""terrace"": false, ""dormitory_bed_count"": null, ""dormitory_type"": ""not_applicable"", ""bed_type"": ""unknown"", ""bedroom_count"": null, ""bed_configuration"": [], ""connecting_room"": false, ""swim_up"": true, ""annex"": false, ""jacuzzi"": false, ""hot_tub"": false, ""occupancy"": null, ""single_use"": false, ""bed_relation"": ""unknown""}",100.0,1,0,0,0,0,0,0,0,0,0,0,1,1,0,0,1
hotel_39620741_20260722_174828,39620741,165,59,"Lagoon Duplex Swim Up Quad , 1 Double Bed and 2 Twin Sofa Beds",DUPLEX - SWIM UP,"{""category"": ""duplex"", ""room_class"": ""unknown"", ""suite_type"": ""not_applicable"", ""club_access"": false, ""view"": ""lagoon"", ""balcony"": false, ""terrace"": false, ""dormitory_bed_count"": null, ""dormitory_type"": ""not_applicable"", ""bed_type"": ""unknown"", ""bedroom_count"": null, ""bed_configuration"": [{""type"": ""double"", ""count"": 1}, {""type"": ""sofa"", ""count"": 2}, {""type"": ""twin"", ""count"": 2}], ""connecting_room"": false, ""swim_up"": true, ""annex"": false, ""jacuzzi"": false, ""hot_tub"": false, ""occupancy"": 4, ""single_use"": false, ""bed_relation"": ""combined""}","{""category"": ""duplex"", ""room_class"": ""unknown"", ""suite_type"": ""not_applicable"", ""club_access"": false, ""view"": ""unknown"", ""balcony"": false, ""terrace"": false, ""dormitory_bed_count"": null, ""dormitory_type"": ""not_applicable"", ""bed_type"": ""unknown"", ""bedroom_count"": null, ""bed_configuration"": [], ""connecting_room"": false, ""swim_up"": true, ""annex"": false, ""jacuzzi"": false, ""hot_tub"": false, ""occupancy"": null, ""single_use"": false, ""bed_relation"": ""unknown""}",100.0,1,0,0,0,0,0,0,0,0,0,0,1,1,0,0,1
hotel_39620741_20260722_174828,39620741,21,152,Lagoon Duplex Swim-up Quad,Laguna Duplex Swim-Up Quad,"{""category"": ""duplex"", ""room_class"": ""unknown"", ""suite_type"": ""not_applicable"", ""club_access"": false, ""view"": ""lagoon"", ""balcony"": false, ""terrace"": false, ""dormitory_bed_count"": null, ""dormitory_type"": ""not_applicable"", ""bed_type"": ""unknown"", ""bedroom_count"": null, ""bed_configuration"": [], ""connecting_room"": false, ""swim_up"": true, ""annex"": false, ""jacuzzi"": false, ""hot_tub"": false, ""occupancy"": 4, ""single_use"": false, ""bed_relation"": ""unknown""}","{""category"": ""duplex"", ""room_class"": ""unknown"", ""suite_type"": ""not_applicable"", ""club_access"": false, ""view"": ""unknown"", ""balcony"": false, ""terrace"": false, ""dormitory_bed_count"": null, ""dormitory_type"": ""not_applicable"", ""bed_type"": ""unknown"", ""bedroom_count"": null, ""bed_configuration"": [], ""connecting_room"": false, ""swim_up"": true, ""annex"": false, ""jacuzzi"": false, ""hot_tub"": false, ""occupancy"": 4, ""single_use"": false, ""bed_relation"": ""unknown""}",92.3076923076923,1,0,0,0,0,0,0,0,0,1,1,1,1,0,0,1
hotel_39620741_20260722_174828,39620741,103,152,Lagoon Duplex Swim Up Quad,Laguna Duplex Swim-Up Quad,"{""category"": ""duplex"", ""room_class"": ""unknown"", ""suite_type"": ""not_applicable"", ""club_access"": false, ""view"": ""lagoon"", ""balcony"": false, ""terrace"": false, ""dormitory_bed_count"": null, ""dormitory_type"": ""not_applicable"", ""bed_type"": ""unknown"", ""bedroom_count"": null, ""bed_configuration"": [], ""connecting_room"": false, ""swim_up"": true, ""annex"": false, ""jacuzzi"": false, ""hot_tub"": false, ""occupancy"": 4, ""single_use"": false, ""bed_relation"": ""unknown""}","{""category"": ""duplex"", ""room_class"": ""unknown"", ""suite_type"": ""not_applicable"", ""club_access"": false, ""view"": ""unknown"", ""balcony"": false, ""terrace"": false, ""dormitory_bed_count"": null, ""dormitory_type"": ""not_applicable"", ""bed_type"": ""unknown"", ""bedroom_count"": null, ""bed_configuration"": [], ""connecting_room"": false, ""swim_up"": true, ""annex"": false, ""jacuzzi"": false, ""hot_tub"": false, ""occupancy"": 4, ""single_use"": false, ""bed_relation"": ""unknown""}",92.3076923076923,1,0,0,0,0,0,0,0,0,1,1,1,1,0,0,1
hotel_39620741_20260722_174828,39620741,103,157,Lagoon Duplex Swim Up Quad,"Lagoon Duplex Swim Up Quad,1 Double Bed and 2 Twin Sofa Beds","{""category"": ""duplex"", ""room_class"": ""unknown"", ""suite_type"": ""not_applicable"", ""club_access"": false, ""view"": ""lagoon"", ""balcony"": false, ""terrace"": false, ""dormitory_bed_count"": null, ""dormitory_type"": ""not_applicable"", ""bed_type"": ""unknown"", ""bedroom_count"": null, ""bed_configuration"": [], ""connecting_room"": false, ""swim_up"": true, ""annex"": false, ""jacuzzi"": false, ""hot_tub"": false, ""occupancy"": 4, ""single_use"": false, ""bed_relation"": ""unknown""}","{""category"": ""duplex"", ""room_class"": ""unknown"", ""suite_type"": ""not_applicable"", ""club_access"": false, ""view"": ""lagoon"", ""balcony"": false, ""terrace"": false, ""dormitory_bed_count"": null, ""dormitory_type"": ""not_applicable"", ""bed_type"": ""unknown"", ""bedroom_count"": null, ""bed_configuration"": [{""type"": ""double"", ""count"": 1}, {""type"": ""sofa"", ""count"": 2}, {""type"": ""twin"", ""count"": 2}], ""connecting_room"": false, ""swim_up"": true, ""annex"": false, ""jacuzzi"": false, ""hot_tub"": false, ""occupancy"": 4, ""single_use"": false, ""bed_relation"": ""combined""}",100.0,1,0,0,1,1,0,0,0,0,1,1,1,1,0,0,1
hotel_39620741_20260722_174828,39620741,21,172,Lagoon Duplex Swim-up Quad,Lagoon Duplex Swim Up 5 Person,"{""category"": ""duplex"", ""room_class"": ""unknown"", ""suite_type"": ""not_applicable"", ""club_access"": false, ""view"": ""lagoon"", ""balcony"": false, ""terrace"": false, ""dormitory_bed_count"": null, ""dormitory_type"": ""not_applicable"", ""bed_type"": ""unknown"", ""bedroom_count"": null, ""bed_configuration"": [], ""connecting_room"": false, ""swim_up"": true, ""annex"": false, ""jacuzzi"": false, ""hot_tub"": false, ""occupancy"": 4, ""single_use"": false, ""bed_relation"": ""unknown""}","{""category"": ""duplex"", ""room_class"": ""unknown"", ""suite_type"": ""not_applicable"", ""club_access"": false, ""view"": ""lagoon"", ""balcony"": false, ""terrace"": false, ""dormitory_bed_count"": null, ""dormitory_type"": ""not_applicable"", ""bed_type"": ""unknown"", ""bedroom_count"": null, ""bed_configuration"": [], ""connecting_room"": false, ""swim_up"": true, ""annex"": false, ""jacuzzi"": false, ""hot_tub"": false, ""occupancy"": 5, ""single_use"": false, ""bed_relation"": ""unknown""}",89.36170212765957,1,0,0,1,1,0,0,0,0,1,0,1,1,0,0,1
hotel_39620741_20260722_174828,39620741,103,172,Lagoon Duplex Swim Up Quad,Lagoon Duplex Swim Up 5 Person,"{""category"": ""duplex"", ""room_class"": ""unknown"", ""suite_type"": ""not_applicable"", ""club_access"": false, ""view"": ""lagoon"", ""balcony"": false, ""terrace"": false, ""dormitory_bed_count"": null, ""dormitory_type"": ""not_applicable"", ""bed_type"": ""unknown"", ""bedroom_count"": null, ""bed_configuration"": [], ""connecting_room"": false, ""swim_up"": true, ""annex"": false, ""jacuzzi"": false, ""hot_tub"": false, ""occupancy"": 4, ""single_use"": false, ""bed_relation"": ""unknown""}","{""category"": ""duplex"", ""room_class"": ""unknown"", ""suite_type"": ""not_applicable"", ""club_access"": false, ""view"": ""lagoon"", ""balcony"": false, ""terrace"": false, ""dormitory_bed_count"": null, ""dormitory_type"": ""not_applicable"", ""bed_type"": ""unknown"", ""bedroom_count"": null, ""bed_configuration"": [], ""connecting_room"": false, ""swim_up"": true, ""annex"": false, ""jacuzzi"": false, ""hot_tub"": false, ""occupancy"": 5, ""single_use"": false, ""bed_relation"": ""unknown""}",89.36170212765957,1,0,0,1,1,0,0,0,0,1,0,1,1,0,0,1
hotel_39620741_20260722_174828,39620741,165,172,"Lagoon Duplex Swim Up Quad , 1 Double Bed and 2 Twin Sofa Beds",Lagoon Duplex Swim Up 5 Person,"{""category"": ""duplex"", ""room_class"": ""unknown"", ""suite_type"": ""not_applicable"", ""club_access"": false, ""view"": ""lagoon"", ""balcony"": false, ""terrace"": false, ""dormitory_bed_count"": null, ""dormitory_type"": ""not_applicable"", ""bed_type"": ""unknown"", ""bedroom_count"": null, ""bed_configuration"": [{""type"": ""double"", ""count"": 1}, {""type"": ""sofa"", ""count"": 2}, {""type"": ""twin"", ""count"": 2}], ""connecting_room"": false, ""swim_up"": true, ""annex"": false, ""jacuzzi"": false, ""hot_tub"": false, ""occupancy"": 4, ""single_use"": false, ""bed_relation"": ""combined""}","{""category"": ""duplex"", ""room_class"": ""unknown"", ""suite_type"": ""not_applicable"", ""club_access"": false, ""view"": ""lagoon"", ""balcony"": false, ""terrace"": false, ""dormitory_bed_count"": null, ""dormitory_type"": ""not_applicable"", ""bed_type"": ""unknown"", ""bedroom_count"": null, ""bed_configuration"": [], ""connecting_room"": false, ""swim_up"": true, ""annex"": false, ""jacuzzi"": false, ""hot_tub"": false, ""occupancy"": 5, ""single_use"": false, ""bed_relation"": ""unknown""}",82.35294117647058,1,0,0,1,1,0,0,0,0,1,0,1,1,0,0,1
hotel_39620741_20260722_174828,39620741,22,31,Main Building Family Sea Side Quad,Family Room Main Building Side Sea View,"{""category"": ""family"", ""room_class"": ""unknown"", ""suite_type"": ""not_applicable"", ""club_access"": false, ""view"": ""unknown"", ""balcony"": false, ""terrace"": false, ""dormitory_bed_count"": null, ""dormitory_type"": ""not_applicable"", ""bed_type"": ""unknown"", ""bedroom_count"": null, ""bed_configuration"": [], ""connecting_room"": false, ""swim_up"": false, ""annex"": false, ""jacuzzi"": false, ""hot_tub"": false, ""occupancy"": 4, ""single_use"": false, ""bed_relation"": ""unknown""}","{""category"": ""family"", ""room_class"": ""unknown"", ""suite_type"": ""not_applicable"", ""club_access"": false, ""view"": ""partial_sea"", ""balcony"": false, ""terrace"": false, ""dormitory_bed_count"": null, ""dormitory_type"": ""not_applicable"", ""bed_type"": ""unknown"", ""bedroom_count"": null, ""bed_configuration"": [], ""connecting_room"": false, ""swim_up"": false, ""annex"": false, ""jacuzzi"": false, ""hot_tub"": false, ""occupancy"": null, ""single_use"": false, ""bed_relation"": ""unknown""}",92.06349206349206,1,0,0,0,0,0,0,0,0,0,0,1,1,0,0,1
hotel_39620741_20260722_174828,39620741,22,60,Main Building Family Sea Side Quad,FAMILY ROOM - MAIN BUILDING,"{""category"": ""family"", ""room_class"": ""unknown"", ""suite_type"": ""not_applicable"", ""club_access"": false, ""view"": ""unknown"", ""balcony"": false, ""terrace"": false, ""dormitory_bed_count"": null, ""dormitory_type"": ""not_applicable"", ""bed_type"": ""unknown"", ""bedroom_count"": null, ""bed_configuration"": [], ""connecting_room"": false, ""swim_up"": false, ""annex"": false, ""jacuzzi"": false, ""hot_tub"": false, ""occupancy"": 4, ""single_use"": false, ""bed_relation"": ""unknown""}","{""category"": ""family"", ""room_class"": ""unknown"", ""suite_type"": ""not_applicable"", ""club_access"": false, ""view"": ""unknown"", ""balcony"": false, ""terrace"": false, ""dormitory_bed_count"": null, ""dormitory_type"": ""not_applicable"", ""bed_type"": ""unknown"", ""bedroom_count"": null, ""bed_configuration"": [], ""connecting_room"": false, ""swim_up"": false, ""annex"": false, ""jacuzzi"": false, ""hot_tub"": false, ""occupancy"": null, ""single_use"": false, ""bed_relation"": ""unknown""}",88.88888888888889,1,0,0,0,0,0,0,0,0,0,0,1,1,0,0,1
hotel_39620741_20260722_174828,39620741,22,147,Main Building Family Sea Side Quad,"Main Building Family Side Sea,1 Double Bed and 2 Twin Sofa Beds","{""category"": ""family"", ""room_class"": ""unknown"", ""suite_type"": ""not_applicable"", ""club_access"": false, ""view"": ""unknown"", ""balcony"": false, ""terrace"": false, ""dormitory_bed_count"": null, ""dormitory_type"": ""not_applicable"", ""bed_type"": ""unknown"", ""bedroom_count"": null, ""bed_configuration"": [], ""connecting_room"": false, ""swim_up"": false, ""annex"": false, ""jacuzzi"": false, ""hot_tub"": false, ""occupancy"": 4, ""single_use"": false, ""bed_relation"": ""unknown""}","{""category"": ""family"", ""room_class"": ""unknown"", ""suite_type"": ""not_applicable"", ""club_access"": false, ""view"": ""unknown"", ""balcony"": false, ""terrace"": false, ""dormitory_bed_count"": null, ""dormitory_type"": ""not_applicable"", ""bed_type"": ""unknown"", ""bedroom_count"": null, ""bed_configuration"": [{""type"": ""double"", ""count"": 1}, {""type"": ""sofa"", ""count"": 2}, {""type"": ""twin"", ""count"": 2}], ""connecting_room"": false, ""swim_up"": false, ""annex"": false, ""jacuzzi"": false, ""hot_tub"": false, ""occupancy"": 2, ""single_use"": false, ""bed_relation"": ""combined""}",92.06349206349206,1,0,0,0,0,0,0,0,0,1,0,1,1,0,0,1
hotel_39620741_20260722_174828,39620741,22,161,Main Building Family Sea Side Quad,"Main Building Family Sea Side Quad,1 Double Bed and 2 Twin Sofa Beds","{""category"": ""family"", ""room_class"": ""unknown"", ""suite_type"": ""not_applicable"", ""club_access"": false, ""view"": ""unknown"", ""balcony"": false, ""terrace"": false, ""dormitory_bed_count"": null, ""dormitory_type"": ""not_applicable"", ""bed_type"": ""unknown"", ""bedroom_count"": null, ""bed_configuration"": [], ""connecting_room"": false, ""swim_up"": false, ""annex"": false, ""jacuzzi"": false, ""hot_tub"": false, ""occupancy"": 4, ""single_use"": false, ""bed_relation"": ""unknown""}","{""category"": ""family"", ""room_class"": ""unknown"", ""suite_type"": ""not_applicable"", ""club_access"": false, ""view"": ""unknown"", ""balcony"": false, ""terrace"": false, ""dormitory_bed_count"": null, ""dormitory_type"": ""not_applicable"", ""bed_type"": ""unknown"", ""bedroom_count"": null, ""bed_configuration"": [{""type"": ""double"", ""count"": 1}, {""type"": ""sofa"", ""count"": 2}, {""type"": ""twin"", ""count"": 2}], ""connecting_room"": false, ""swim_up"": false, ""annex"": false, ""jacuzzi"": false, ""hot_tub"": false, ""occupancy"": 4, ""single_use"": false, ""bed_relation"": ""combined""}",100.0,1,0,0,0,0,0,0,0,0,1,1,1,1,0,0,1
hotel_39620741_20260722_174828,39620741,22,167,Main Building Family Sea Side Quad,Main Building Family Sea Side 5 Person,"{""category"": ""family"", ""room_class"": ""unknown"", ""suite_type"": ""not_applicable"", ""club_access"": false, ""view"": ""unknown"", ""balcony"": false, ""terrace"": false, ""dormitory_bed_count"": null, ""dormitory_type"": ""not_applicable"", ""bed_type"": ""unknown"", ""bedroom_count"": null, ""bed_configuration"": [], ""connecting_room"": false, ""swim_up"": false, ""annex"": false, ""jacuzzi"": false, ""hot_tub"": false, ""occupancy"": 4, ""single_use"": false, ""bed_relation"": ""unknown""}","{""category"": ""family"", ""room_class"": ""unknown"", ""suite_type"": ""not_applicable"", ""club_access"": false, ""view"": ""unknown"", ""balcony"": false, ""terrace"": false, ""dormitory_bed_count"": null, ""dormitory_type"": ""not_applicable"", ""bed_type"": ""unknown"", ""bedroom_count"": null, ""bed_configuration"": [], ""connecting_room"": false, ""swim_up"": false, ""annex"": false, ""jacuzzi"": false, ""hot_tub"": false, ""occupancy"": 5, ""single_use"": false, ""bed_relation"": ""unknown""}",92.06349206349206,1,0,0,0,0,0,0,0,0,1,0,1,1,0,0,1
hotel_39620741_20260722_174828,39620741,22,171,Main Building Family Sea Side Quad,"Main Building Family Sea Side 5 Person,1 Double Bed and 2 Twin Sofa Beds","{""category"": ""family"", ""room_class"": ""unknown"", ""suite_type"": ""not_applicable"", ""club_access"": false, ""view"": ""unknown"", ""balcony"": false, ""terrace"": false, ""dormitory_bed_count"": null, ""dormitory_type"": ""not_applicable"", ""bed_type"": ""unknown"", ""bedroom_count"": null, ""bed_configuration"": [], ""connecting_room"": false, ""swim_up"": false, ""annex"": false, ""jacuzzi"": false, ""hot_tub"": false, ""occupancy"": 4, ""single_use"": false, ""bed_relation"": ""unknown""}","{""category"": ""family"", ""room_class"": ""unknown"", ""suite_type"": ""not_applicable"", ""club_access"": false, ""view"": ""unknown"", ""balcony"": false, ""terrace"": false, ""dormitory_bed_count"": null, ""dormitory_type"": ""not_applicable"", ""bed_type"": ""unknown"", ""bedroom_count"": null, ""bed_configuration"": [{""type"": ""double"", ""count"": 1}, {""type"": ""sofa"", ""count"": 2}, {""type"": ""twin"", ""count"": 2}], ""connecting_room"": false, ""swim_up"": false, ""annex"": false, ""jacuzzi"": false, ""hot_tub"": false, ""occupancy"": 5, ""single_use"": false, ""bed_relation"": ""combined""}",92.06349206349206,1,0,0,0,0,0,0,0,0,1,0,1,1,0,0,1
hotel_39620741_20260722_174828,39620741,23,30,"A Block Family Land Quad , 1 Double Bed and 2 Twin Sofa Beds",Family Room Block A,"{""category"": ""family"", ""room_class"": ""unknown"", ""suite_type"": ""not_applicable"", ""club_access"": false, ""view"": ""unknown"", ""balcony"": false, ""terrace"": false, ""dormitory_bed_count"": null, ""dormitory_type"": ""not_applicable"", ""bed_type"": ""unknown"", ""bedroom_count"": null, ""bed_configuration"": [{""type"": ""double"", ""count"": 1}, {""type"": ""sofa"", ""count"": 2}, {""type"": ""twin"", ""count"": 2}], ""connecting_room"": false, ""swim_up"": false, ""annex"": false, ""jacuzzi"": false, ""hot_tub"": false, ""occupancy"": 4, ""single_use"": false, ""bed_relation"": ""combined""}","{""category"": ""family"", ""room_class"": ""unknown"", ""suite_type"": ""not_applicable"", ""club_access"": false, ""view"": ""unknown"", ""balcony"": false, ""terrace"": false, ""dormitory_bed_count"": null, ""dormitory_type"": ""not_applicable"", ""bed_type"": ""unknown"", ""bedroom_count"": null, ""bed_configuration"": [], ""connecting_room"": false, ""swim_up"": false, ""annex"": false, ""jacuzzi"": false, ""hot_tub"": false, ""occupancy"": null, ""single_use"": false, ""bed_relation"": ""unknown""}",84.84848484848484,1,0,0,0,0,0,0,0,0,0,0,1,1,0,0,1
hotel_39620741_20260722_174828,39620741,150,30,A Block Family Land Quad,Family Room Block A,"{""category"": ""family"", ""room_class"": ""unknown"", ""suite_type"": ""not_applicable"", ""club_access"": false, ""view"": ""unknown"", ""balcony"": false, ""terrace"": false, ""dormitory_bed_count"": null, ""dormitory_type"": ""not_applicable"", ""bed_type"": ""unknown"", ""bedroom_count"": null, ""bed_configuration"": [], ""connecting_room"": false, ""swim_up"": false, ""annex"": false, ""jacuzzi"": false, ""hot_tub"": false, ""occupancy"": 4, ""single_use"": false, ""bed_relation"": ""unknown""}","{""category"": ""family"", ""room_class"": ""unknown"", ""suite_type"": ""not_applicable"", ""club_access"": false, ""view"": ""unknown"", ""balcony"": false, ""terrace"": false, ""dormitory_bed_count"": null, ""dormitory_type"": ""not_applicable"", ""bed_type"": ""unknown"", ""bedroom_count"": null, ""bed_configuration"": [], ""connecting_room"": false, ""swim_up"": false, ""annex"": false, ""jacuzzi"": false, ""hot_tub"": false, ""occupancy"": null, ""single_use"": false, ""bed_relation"": ""unknown""}",84.84848484848484,1,0,0,0,0,0,0,0,0,0,0,1,1,0,0,1
hotel_39620741_20260722_174828,39620741,23,145,"A Block Family Land Quad , 1 Double Bed and 2 Twin Sofa Beds","A Block Family Land,1 Double Bed and 2 Twin Sofa Beds","{""category"": ""family"", ""room_class"": ""unknown"", ""suite_type"": ""not_applicable"", ""club_access"": false, ""view"": ""unknown"", ""balcony"": false, ""terrace"": false, ""dormitory_bed_count"": null, ""dormitory_type"": ""not_applicable"", ""bed_type"": ""unknown"", ""bedroom_count"": null, ""bed_configuration"": [{""type"": ""double"", ""count"": 1}, {""type"": ""sofa"", ""count"": 2}, {""type"": ""twin"", ""count"": 2}], ""connecting_room"": false, ""swim_up"": false, ""annex"": false, ""jacuzzi"": false, ""hot_tub"": false, ""occupancy"": 4, ""single_use"": false, ""bed_relation"": ""combined""}","{""category"": ""family"", ""room_class"": ""unknown"", ""suite_type"": ""not_applicable"", ""club_access"": false, ""view"": ""unknown"", ""balcony"": false, ""terrace"": false, ""dormitory_bed_count"": null, ""dormitory_type"": ""not_applicable"", ""bed_type"": ""unknown"", ""bedroom_count"": null, ""bed_configuration"": [{""type"": ""double"", ""count"": 1}, {""type"": ""sofa"", ""count"": 2}, {""type"": ""twin"", ""count"": 2}], ""connecting_room"": false, ""swim_up"": false, ""annex"": false, ""jacuzzi"": false, ""hot_tub"": false, ""occupancy"": 2, ""single_use"": false, ""bed_relation"": ""combined""}",100.0,1,0,0,0,0,0,0,1,1,1,0,1,1,0,0,1
hotel_39620741_20260722_174828,39620741,150,145,A Block Family Land Quad,"A Block Family Land,1 Double Bed and 2 Twin Sofa Beds","{""category"": ""family"", ""room_class"": ""unknown"", ""suite_type"": ""not_applicable"", ""club_access"": false, ""view"": ""unknown"", ""balcony"": false, ""terrace"": false, ""dormitory_bed_count"": null, ""dormitory_type"": ""not_applicable"", ""bed_type"": ""unknown"", ""bedroom_count"": null, ""bed_configuration"": [], ""connecting_room"": false, ""swim_up"": false, ""annex"": false, ""jacuzzi"": false, ""hot_tub"": false, ""occupancy"": 4, ""single_use"": false, ""bed_relation"": ""unknown""}","{""category"": ""family"", ""room_class"": ""unknown"", ""suite_type"": ""not_applicable"", ""club_access"": false, ""view"": ""unknown"", ""balcony"": false, ""terrace"": false, ""dormitory_bed_count"": null, ""dormitory_type"": ""not_applicable"", ""bed_type"": ""unknown"", ""bedroom_count"": null, ""bed_configuration"": [{""type"": ""double"", ""count"": 1}, {""type"": ""sofa"", ""count"": 2}, {""type"": ""twin"", ""count"": 2}], ""connecting_room"": false, ""swim_up"": false, ""annex"": false, ""jacuzzi"": false, ""hot_tub"": false, ""occupancy"": 2, ""single_use"": false, ""bed_relation"": ""combined""}",88.37209302325581,1,0,0,0,0,0,0,0,0,1,0,1,1,0,0,1
hotel_39620741_20260722_174828,39620741,23,147,"A Block Family Land Quad , 1 Double Bed and 2 Twin Sofa Beds","Main Building Family Side Sea,1 Double Bed and 2 Twin Sofa Beds","{""category"": ""family"", ""room_class"": ""unknown"", ""suite_type"": ""not_applicable"", ""club_access"": false, ""view"": ""unknown"", ""balcony"": false, ""terrace"": false, ""dormitory_bed_count"": null, ""dormitory_type"": ""not_applicable"", ""bed_type"": ""unknown"", ""bedroom_count"": null, ""bed_configuration"": [{""type"": ""double"", ""count"": 1}, {""type"": ""sofa"", ""count"": 2}, {""type"": ""twin"", ""count"": 2}], ""connecting_room"": false, ""swim_up"": false, ""annex"": false, ""jacuzzi"": false, ""hot_tub"": false, ""occupancy"": 4, ""single_use"": false, ""bed_relation"": ""combined""}","{""category"": ""family"", ""room_class"": ""unknown"", ""suite_type"": ""not_applicable"", ""club_access"": false, ""view"": ""unknown"", ""balcony"": false, ""terrace"": false, ""dormitory_bed_count"": null, ""dormitory_type"": ""not_applicable"", ""bed_type"": ""unknown"", ""bedroom_count"": null, ""bed_configuration"": [{""type"": ""double"", ""count"": 1}, {""type"": ""sofa"", ""count"": 2}, {""type"": ""twin"", ""count"": 2}], ""connecting_room"": false, ""swim_up"": false, ""annex"": false, ""jacuzzi"": false, ""hot_tub"": false, ""occupancy"": 2, ""single_use"": false, ""bed_relation"": ""combined""}",81.63265306122449,1,0,0,0,0,0,0,1,1,1,0,1,1,0,0,1
hotel_39620741_20260722_174828,39620741,23,156,"A Block Family Land Quad , 1 Double Bed and 2 Twin Sofa Beds","A Block Family Land Quad,1 Double Bed and 2 Twin Sofa Beds","{""category"": ""family"", ""room_class"": ""unknown"", ""suite_type"": ""not_applicable"", ""club_access"": false, ""view"": ""unknown"", ""balcony"": false, ""terrace"": false, ""dormitory_bed_count"": null, ""dormitory_type"": ""not_applicable"", ""bed_type"": ""unknown"", ""bedroom_count"": null, ""bed_configuration"": [{""type"": ""double"", ""count"": 1}, {""type"": ""sofa"", ""count"": 2}, {""type"": ""twin"", ""count"": 2}], ""connecting_room"": false, ""swim_up"": false, ""annex"": false, ""jacuzzi"": false, ""hot_tub"": false, ""occupancy"": 4, ""single_use"": false, ""bed_relation"": ""combined""}","{""category"": ""family"", ""room_class"": ""unknown"", ""suite_type"": ""not_applicable"", ""club_access"": false, ""view"": ""unknown"", ""balcony"": false, ""terrace"": false, ""dormitory_bed_count"": null, ""dormitory_type"": ""not_applicable"", ""bed_type"": ""unknown"", ""bedroom_count"": null, ""bed_configuration"": [{""type"": ""double"", ""count"": 1}, {""type"": ""sofa"", ""count"": 2}, {""type"": ""twin"", ""count"": 2}], ""connecting_room"": false, ""swim_up"": false, ""annex"": false, ""jacuzzi"": false, ""hot_tub"": false, ""occupancy"": 4, ""single_use"": false, ""bed_relation"": ""combined""}",100.0,1,0,0,0,0,0,0,1,1,1,1,1,1,0,0,1
hotel_39620741_20260722_174828,39620741,150,156,A Block Family Land Quad,"A Block Family Land Quad,1 Double Bed and 2 Twin Sofa Beds","{""category"": ""family"", ""room_class"": ""unknown"", ""suite_type"": ""not_applicable"", ""club_access"": false, ""view"": ""unknown"", ""balcony"": false, ""terrace"": false, ""dormitory_bed_count"": null, ""dormitory_type"": ""not_applicable"", ""bed_type"": ""unknown"", ""bedroom_count"": null, ""bed_configuration"": [], ""connecting_room"": false, ""swim_up"": false, ""annex"": false, ""jacuzzi"": false, ""hot_tub"": false, ""occupancy"": 4, ""single_use"": false, ""bed_relation"": ""unknown""}","{""category"": ""family"", ""room_class"": ""unknown"", ""suite_type"": ""not_applicable"", ""club_access"": false, ""view"": ""unknown"", ""balcony"": false, ""terrace"": false, ""dormitory_bed_count"": null, ""dormitory_type"": ""not_applicable"", ""bed_type"": ""unknown"", ""bedroom_count"": null, ""bed_configuration"": [{""type"": ""double"", ""count"": 1}, {""type"": ""sofa"", ""count"": 2}, {""type"": ""twin"", ""count"": 2}], ""connecting_room"": false, ""swim_up"": false, ""annex"": false, ""jacuzzi"": false, ""hot_tub"": false, ""occupancy"": 4, ""single_use"": false, ""bed_relation"": ""combined""}",100.0,1,0,0,0,0,0,0,0,0,1,1,1,1,0,0,1
hotel_39620741_20260722_174828,39620741,23,161,"A Block Family Land Quad , 1 Double Bed and 2 Twin Sofa Beds","Main Building Family Sea Side Quad,1 Double Bed and 2 Twin Sofa Beds","{""category"": ""family"", ""room_class"": ""unknown"", ""suite_type"": ""not_applicable"", ""club_access"": false, ""view"": ""unknown"", ""balcony"": false, ""terrace"": false, ""dormitory_bed_count"": null, ""dormitory_type"": ""not_applicable"", ""bed_type"": ""unknown"", ""bedroom_count"": null, ""bed_configuration"": [{""type"": ""double"", ""count"": 1}, {""type"": ""sofa"", ""count"": 2}, {""type"": ""twin"", ""count"": 2}], ""connecting_room"": false, ""swim_up"": false, ""annex"": false, ""jacuzzi"": false, ""hot_tub"": false, ""occupancy"": 4, ""single_use"": false, ""bed_relation"": ""combined""}","{""category"": ""family"", ""room_class"": ""unknown"", ""suite_type"": ""not_applicable"", ""club_access"": false, ""view"": ""unknown"", ""balcony"": false, ""terrace"": false, ""dormitory_bed_count"": null, ""dormitory_type"": ""not_applicable"", ""bed_type"": ""unknown"", ""bedroom_count"": null, ""bed_configuration"": [{""type"": ""double"", ""count"": 1}, {""type"": ""sofa"", ""count"": 2}, {""type"": ""twin"", ""count"": 2}], ""connecting_room"": false, ""swim_up"": false, ""annex"": false, ""jacuzzi"": false, ""hot_tub"": false, ""occupancy"": 4, ""single_use"": false, ""bed_relation"": ""combined""}",87.37864077669903,1,0,0,0,0,0,0,1,1,1,1,1,1,0,0,1
hotel_39620741_20260722_174828,39620741,23,171,"A Block Family Land Quad , 1 Double Bed and 2 Twin Sofa Beds","Main Building Family Sea Side 5 Person,1 Double Bed and 2 Twin Sofa Beds","{""category"": ""family"", ""room_class"": ""unknown"", ""suite_type"": ""not_applicable"", ""club_access"": false, ""view"": ""unknown"", ""balcony"": false, ""terrace"": false, ""dormitory_bed_count"": null, ""dormitory_type"": ""not_applicable"", ""bed_type"": ""unknown"", ""bedroom_count"": null, ""bed_configuration"": [{""type"": ""double"", ""count"": 1}, {""type"": ""sofa"", ""count"": 2}, {""type"": ""twin"", ""count"": 2}], ""connecting_room"": false, ""swim_up"": false, ""annex"": false, ""jacuzzi"": false, ""hot_tub"": false, ""occupancy"": 4, ""single_use"": false, ""bed_relation"": ""combined""}","{""category"": ""family"", ""room_class"": ""unknown"", ""suite_type"": ""not_applicable"", ""club_access"": false, ""view"": ""unknown"", ""balcony"": false, ""terrace"": false, ""dormitory_bed_count"": null, ""dormitory_type"": ""not_applicable"", ""bed_type"": ""unknown"", ""bedroom_count"": null, ""bed_configuration"": [{""type"": ""double"", ""count"": 1}, {""type"": ""sofa"", ""count"": 2}, {""type"": ""twin"", ""count"": 2}], ""connecting_room"": false, ""swim_up"": false, ""annex"": false, ""jacuzzi"": false, ""hot_tub"": false, ""occupancy"": 5, ""single_use"": false, ""bed_relation"": ""combined""}",81.63265306122449,1,0,0,0,0,0,0,1,1,1,0,1,1,0,0,1
hotel_39620741_20260722_174828,39620741,30,63,Family Room Block A,FAMILY ROOM - A,"{""category"": ""family"", ""room_class"": ""unknown"", ""suite_type"": ""not_applicable"", ""club_access"": false, ""view"": ""unknown"", ""balcony"": false, ""terrace"": false, ""dormitory_bed_count"": null, ""dormitory_type"": ""not_applicable"", ""bed_type"": ""unknown"", ""bedroom_count"": null, ""bed_configuration"": [], ""connecting_room"": false, ""swim_up"": false, ""annex"": false, ""jacuzzi"": false, ""hot_tub"": false, ""occupancy"": null, ""single_use"": false, ""bed_relation"": ""unknown""}","{""category"": ""family"", ""room_class"": ""unknown"", ""suite_type"": ""not_applicable"", ""club_access"": false, ""view"": ""unknown"", ""balcony"": false, ""terrace"": false, ""dormitory_bed_count"": null, ""dormitory_type"": ""not_applicable"", ""bed_type"": ""unknown"", ""bedroom_count"": null, ""bed_configuration"": [], ""connecting_room"": false, ""swim_up"": false, ""annex"": false, ""jacuzzi"": false, ""hot_tub"": false, ""occupancy"": null, ""single_use"": false, ""bed_relation"": ""unknown""}",100.0,1,0,0,0,0,0,0,0,0,0,0,1,1,0,0,1
hotel_39620741_20260722_174828,39620741,30,145,Family Room Block A,"A Block Family Land,1 Double Bed and 2 Twin Sofa Beds","{""category"": ""family"", ""room_class"": ""unknown"", ""suite_type"": ""not_applicable"", ""club_access"": false, ""view"": ""unknown"", ""balcony"": false, ""terrace"": false, ""dormitory_bed_count"": null, ""dormitory_type"": ""not_applicable"", ""bed_type"": ""unknown"", ""bedroom_count"": null, ""bed_configuration"": [], ""connecting_room"": false, ""swim_up"": false, ""annex"": false, ""jacuzzi"": false, ""hot_tub"": false, ""occupancy"": null, ""single_use"": false, ""bed_relation"": ""unknown""}","{""category"": ""family"", ""room_class"": ""unknown"", ""suite_type"": ""not_applicable"", ""club_access"": false, ""view"": ""unknown"", ""balcony"": false, ""terrace"": false, ""dormitory_bed_count"": null, ""dormitory_type"": ""not_applicable"", ""bed_type"": ""unknown"", ""bedroom_count"": null, ""bed_configuration"": [{""type"": ""double"", ""count"": 1}, {""type"": ""sofa"", ""count"": 2}, {""type"": ""twin"", ""count"": 2}], ""connecting_room"": false, ""swim_up"": false, ""annex"": false, ""jacuzzi"": false, ""hot_tub"": false, ""occupancy"": 2, ""single_use"": false, ""bed_relation"": ""combined""}",84.84848484848484,1,0,0,0,0,0,0,0,0,0,0,1,1,0,0,1
hotel_39620741_20260722_174828,39620741,30,156,Family Room Block A,"A Block Family Land Quad,1 Double Bed and 2 Twin Sofa Beds","{""category"": ""family"", ""room_class"": ""unknown"", ""suite_type"": ""not_applicable"", ""club_access"": false, ""view"": ""unknown"", ""balcony"": false, ""terrace"": false, ""dormitory_bed_count"": null, ""dormitory_type"": ""not_applicable"", ""bed_type"": ""unknown"", ""bedroom_count"": null, ""bed_configuration"": [], ""connecting_room"": false, ""swim_up"": false, ""annex"": false, ""jacuzzi"": false, ""hot_tub"": false, ""occupancy"": null, ""single_use"": false, ""bed_relation"": ""unknown""}","{""category"": ""family"", ""room_class"": ""unknown"", ""suite_type"": ""not_applicable"", ""club_access"": false, ""view"": ""unknown"", ""balcony"": false, ""terrace"": false, ""dormitory_bed_count"": null, ""dormitory_type"": ""not_applicable"", ""bed_type"": ""unknown"", ""bedroom_count"": null, ""bed_configuration"": [{""type"": ""double"", ""count"": 1}, {""type"": ""sofa"", ""count"": 2}, {""type"": ""twin"", ""count"": 2}], ""connecting_room"": false, ""swim_up"": false, ""annex"": false, ""jacuzzi"": false, ""hot_tub"": false, ""occupancy"": 4, ""single_use"": false, ""bed_relation"": ""combined""}",84.84848484848484,1,0,0,0,0,0,0,0,0,0,0,1,1,0,0,1
hotel_39620741_20260722_174828,39620741,31,63,Family Room Main Building Side Sea View,FAMILY ROOM - A,"{""category"": ""family"", ""room_class"": ""unknown"", ""suite_type"": ""not_applicable"", ""club_access"": false, ""view"": ""partial_sea"", ""balcony"": false, ""terrace"": false, ""dormitory_bed_count"": null, ""dormitory_type"": ""not_applicable"", ""bed_type"": ""unknown"", ""bedroom_count"": null, ""bed_configuration"": [], ""connecting_room"": false, ""swim_up"": false, ""annex"": false, ""jacuzzi"": false, ""hot_tub"": false, ""occupancy"": null, ""single_use"": false, ""bed_relation"": ""unknown""}","{""category"": ""family"", ""room_class"": ""unknown"", ""suite_type"": ""not_applicable"", ""club_access"": false, ""view"": ""unknown"", ""balcony"": false, ""terrace"": false, ""dormitory_bed_count"": null, ""dormitory_type"": ""not_applicable"", ""bed_type"": ""unknown"", ""bedroom_count"": null, ""bed_configuration"": [], ""connecting_room"": false, ""swim_up"": false, ""annex"": false, ""jacuzzi"": false, ""hot_tub"": false, ""occupancy"": null, ""single_use"": false, ""bed_relation"": ""unknown""}",91.66666666666669,1,0,0,0,0,0,0,0,0,0,0,1,1,0,0,1
hotel_39620741_20260722_174828,39620741,100,60,Main Building Family Side Sea,FAMILY ROOM - MAIN BUILDING,"{""category"": ""family"", ""room_class"": ""unknown"", ""suite_type"": ""not_applicable"", ""club_access"": false, ""view"": ""unknown"", ""balcony"": false, ""terrace"": false, ""dormitory_bed_count"": null, ""dormitory_type"": ""not_applicable"", ""bed_type"": ""unknown"", ""bedroom_count"": null, ""bed_configuration"": [], ""connecting_room"": false, ""swim_up"": false, ""annex"": false, ""jacuzzi"": false, ""hot_tub"": false, ""occupancy"": null, ""single_use"": false, ""bed_relation"": ""unknown""}","{""category"": ""family"", ""room_class"": ""unknown"", ""suite_type"": ""not_applicable"", ""club_access"": false, ""view"": ""unknown"", ""balcony"": false, ""terrace"": false, ""dormitory_bed_count"": null, ""dormitory_type"": ""not_applicable"", ""bed_type"": ""unknown"", ""bedroom_count"": null, ""bed_configuration"": [], ""connecting_room"": false, ""swim_up"": false, ""annex"": false, ""jacuzzi"": false, ""hot_tub"": false, ""occupancy"": null, ""single_use"": false, ""bed_relation"": ""unknown""}",88.88888888888889,1,0,0,0,0,0,0,0,0,0,0,1,1,0,0,1
hotel_39620741_20260722_174828,39620741,31,147,Family Room Main Building Side Sea View,"Main Building Family Side Sea,1 Double Bed and 2 Twin Sofa Beds","{""category"": ""family"", ""room_class"": ""unknown"", ""suite_type"": ""not_applicable"", ""club_access"": false, ""view"": ""partial_sea"", ""balcony"": false, ""terrace"": false, ""dormitory_bed_count"": null, ""dormitory_type"": ""not_applicable"", ""bed_type"": ""unknown"", ""bedroom_count"": null, ""bed_configuration"": [], ""connecting_room"": false, ""swim_up"": false, ""annex"": false, ""jacuzzi"": false, ""hot_tub"": false, ""occupancy"": null, ""single_use"": false, ""bed_relation"": ""unknown""}","{""category"": ""family"", ""room_class"": ""unknown"", ""suite_type"": ""not_applicable"", ""club_access"": false, ""view"": ""unknown"", ""balcony"": false, ""terrace"": false, ""dormitory_bed_count"": null, ""dormitory_type"": ""not_applicable"", ""bed_type"": ""unknown"", ""bedroom_count"": null, ""bed_configuration"": [{""type"": ""double"", ""count"": 1}, {""type"": ""sofa"", ""count"": 2}, {""type"": ""twin"", ""count"": 2}], ""connecting_room"": false, ""swim_up"": false, ""annex"": false, ""jacuzzi"": false, ""hot_tub"": false, ""occupancy"": 2, ""single_use"": false, ""bed_relation"": ""combined""}",85.29411764705883,1,0,0,0,0,0,0,0,0,0,0,1,1,0,0,1
hotel_39620741_20260722_174828,39620741,100,147,Main Building Family Side Sea,"Main Building Family Side Sea,1 Double Bed and 2 Twin Sofa Beds","{""category"": ""family"", ""room_class"": ""unknown"", ""suite_type"": ""not_applicable"", ""club_access"": false, ""view"": ""unknown"", ""balcony"": false, ""terrace"": false, ""dormitory_bed_count"": null, ""dormitory_type"": ""not_applicable"", ""bed_type"": ""unknown"", ""bedroom_count"": null, ""bed_configuration"": [], ""connecting_room"": false, ""swim_up"": false, ""annex"": false, ""jacuzzi"": false, ""hot_tub"": false, ""occupancy"": null, ""single_use"": false, ""bed_relation"": ""unknown""}","{""category"": ""family"", ""room_class"": ""unknown"", ""suite_type"": ""not_applicable"", ""club_access"": false, ""view"": ""unknown"", ""balcony"": false, ""terrace"": false, ""dormitory_bed_count"": null, ""dormitory_type"": ""not_applicable"", ""bed_type"": ""unknown"", ""bedroom_count"": null, ""bed_configuration"": [{""type"": ""double"", ""count"": 1}, {""type"": ""sofa"", ""count"": 2}, {""type"": ""twin"", ""count"": 2}], ""connecting_room"": false, ""swim_up"": false, ""annex"": false, ""jacuzzi"": false, ""hot_tub"": false, ""occupancy"": 2, ""single_use"": false, ""bed_relation"": ""combined""}",100.0,1,0,0,0,0,0,0,0,0,0,0,1,1,0,0,1
hotel_39620741_20260722_174828,39620741,31,161,Family Room Main Building Side Sea View,"Main Building Family Sea Side Quad,1 Double Bed and 2 Twin Sofa Beds","{""category"": ""family"", ""room_class"": ""unknown"", ""suite_type"": ""not_applicable"", ""club_access"": false, ""view"": ""partial_sea"", ""balcony"": false, ""terrace"": false, ""dormitory_bed_count"": null, ""dormitory_type"": ""not_applicable"", ""bed_type"": ""unknown"", ""bedroom_count"": null, ""bed_configuration"": [], ""connecting_room"": false, ""swim_up"": false, ""annex"": false, ""jacuzzi"": false, ""hot_tub"": false, ""occupancy"": null, ""single_use"": false, ""bed_relation"": ""unknown""}","{""category"": ""family"", ""room_class"": ""unknown"", ""suite_type"": ""not_applicable"", ""club_access"": false, ""view"": ""unknown"", ""balcony"": false, ""terrace"": false, ""dormitory_bed_count"": null, ""dormitory_type"": ""not_applicable"", ""bed_type"": ""unknown"", ""bedroom_count"": null, ""bed_configuration"": [{""type"": ""double"", ""count"": 1}, {""type"": ""sofa"", ""count"": 2}, {""type"": ""twin"", ""count"": 2}], ""connecting_room"": false, ""swim_up"": false, ""annex"": false, ""jacuzzi"": false, ""hot_tub"": false, ""occupancy"": 4, ""single_use"": false, ""bed_relation"": ""combined""}",85.29411764705883,1,0,0,0,0,0,0,0,0,0,0,1,1,0,0,1
hotel_39620741_20260722_174828,39620741,31,167,Family Room Main Building Side Sea View,Main Building Family Sea Side 5 Person,"{""category"": ""family"", ""room_class"": ""unknown"", ""suite_type"": ""not_applicable"", ""club_access"": false, ""view"": ""partial_sea"", ""balcony"": false, ""terrace"": false, ""dormitory_bed_count"": null, ""dormitory_type"": ""not_applicable"", ""bed_type"": ""unknown"", ""bedroom_count"": null, ""bed_configuration"": [], ""connecting_room"": false, ""swim_up"": false, ""annex"": false, ""jacuzzi"": false, ""hot_tub"": false, ""occupancy"": null, ""single_use"": false, ""bed_relation"": ""unknown""}","{""category"": ""family"", ""room_class"": ""unknown"", ""suite_type"": ""not_applicable"", ""club_access"": false, ""view"": ""unknown"", ""balcony"": false, ""terrace"": false, ""dormitory_bed_count"": null, ""dormitory_type"": ""not_applicable"", ""bed_type"": ""unknown"", ""bedroom_count"": null, ""bed_configuration"": [], ""connecting_room"": false, ""swim_up"": false, ""annex"": false, ""jacuzzi"": false, ""hot_tub"": false, ""occupancy"": 5, ""single_use"": false, ""bed_relation"": ""unknown""}",86.56716417910448,1,0,0,0,0,0,0,0,0,0,0,1,1,0,0,1
hotel_39620741_20260722_174828,39620741,31,171,Family Room Main Building Side Sea View,"Main Building Family Sea Side 5 Person,1 Double Bed and 2 Twin Sofa Beds","{""category"": ""family"", ""room_class"": ""unknown"", ""suite_type"": ""not_applicable"", ""club_access"": false, ""view"": ""partial_sea"", ""balcony"": false, ""terrace"": false, ""dormitory_bed_count"": null, ""dormitory_type"": ""not_applicable"", ""bed_type"": ""unknown"", ""bedroom_count"": null, ""bed_configuration"": [], ""connecting_room"": false, ""swim_up"": false, ""annex"": false, ""jacuzzi"": false, ""hot_tub"": false, ""occupancy"": null, ""single_use"": false, ""bed_relation"": ""unknown""}","{""category"": ""family"", ""room_class"": ""unknown"", ""suite_type"": ""not_applicable"", ""club_access"": false, ""view"": ""unknown"", ""balcony"": false, ""terrace"": false, ""dormitory_bed_count"": null, ""dormitory_type"": ""not_applicable"", ""bed_type"": ""unknown"", ""bedroom_count"": null, ""bed_configuration"": [{""type"": ""double"", ""count"": 1}, {""type"": ""sofa"", ""count"": 2}, {""type"": ""twin"", ""count"": 2}], ""connecting_room"": false, ""swim_up"": false, ""annex"": false, ""jacuzzi"": false, ""hot_tub"": false, ""occupancy"": 5, ""single_use"": false, ""bed_relation"": ""combined""}",85.29411764705883,1,0,0,0,0,0,0,0,0,0,0,1,1,0,0,1
hotel_39620741_20260722_174828,39620741,32,59,Lagoon Duplex Swim Up,DUPLEX - SWIM UP,"{""category"": ""duplex"", ""room_class"": ""unknown"", ""suite_type"": ""not_applicable"", ""club_access"": false, ""view"": ""lagoon"", ""balcony"": false, ""terrace"": false, ""dormitory_bed_count"": null, ""dormitory_type"": ""not_applicable"", ""bed_type"": ""unknown"", ""bedroom_count"": null, ""bed_configuration"": [], ""connecting_room"": false, ""swim_up"": true, ""annex"": false, ""jacuzzi"": false, ""hot_tub"": false, ""occupancy"": null, ""single_use"": false, ""bed_relation"": ""unknown""}","{""category"": ""duplex"", ""room_class"": ""unknown"", ""suite_type"": ""not_applicable"", ""club_access"": false, ""view"": ""unknown"", ""balcony"": false, ""terrace"": false, ""dormitory_bed_count"": null, ""dormitory_type"": ""not_applicable"", ""bed_type"": ""unknown"", ""bedroom_count"": null, ""bed_configuration"": [], ""connecting_room"": false, ""swim_up"": true, ""annex"": false, ""jacuzzi"": false, ""hot_tub"": false, ""occupancy"": null, ""single_use"": false, ""bed_relation"": ""unknown""}",100.0,1,0,0,0,0,0,0,0,0,0,0,1,1,0,0,1
hotel_39620741_20260722_174828,39620741,144,59,Lagoon Duplex Swim-up,DUPLEX - SWIM UP,"{""category"": ""duplex"", ""room_class"": ""unknown"", ""suite_type"": ""not_applicable"", ""club_access"": false, ""view"": ""lagoon"", ""balcony"": false, ""terrace"": false, ""dormitory_bed_count"": null, ""dormitory_type"": ""not_applicable"", ""bed_type"": ""unknown"", ""bedroom_count"": null, ""bed_configuration"": [], ""connecting_room"": false, ""swim_up"": true, ""annex"": false, ""jacuzzi"": false, ""hot_tub"": false, ""occupancy"": null, ""single_use"": false, ""bed_relation"": ""unknown""}","{""category"": ""duplex"", ""room_class"": ""unknown"", ""suite_type"": ""not_applicable"", ""club_access"": false, ""view"": ""unknown"", ""balcony"": false, ""terrace"": false, ""dormitory_bed_count"": null, ""dormitory_type"": ""not_applicable"", ""bed_type"": ""unknown"", ""bedroom_count"": null, ""bed_configuration"": [], ""connecting_room"": false, ""swim_up"": true, ""annex"": false, ""jacuzzi"": false, ""hot_tub"": false, ""occupancy"": null, ""single_use"": false, ""bed_relation"": ""unknown""}",100.0,1,0,0,0,0,0,0,0,0,0,0,1,1,0,0,1
hotel_39620741_20260722_174828,39620741,144,157,Lagoon Duplex Swim-up,"Lagoon Duplex Swim Up Quad,1 Double Bed and 2 Twin Sofa Beds","{""category"": ""duplex"", ""room_class"": ""unknown"", ""suite_type"": ""not_applicable"", ""club_access"": false, ""view"": ""lagoon"", ""balcony"": false, ""terrace"": false, ""dormitory_bed_count"": null, ""dormitory_type"": ""not_applicable"", ""bed_type"": ""unknown"", ""bedroom_count"": null, ""bed_configuration"": [], ""connecting_room"": false, ""swim_up"": true, ""annex"": false, ""jacuzzi"": false, ""hot_tub"": false, ""occupancy"": null, ""single_use"": false, ""bed_relation"": ""unknown""}","{""category"": ""duplex"", ""room_class"": ""unknown"", ""suite_type"": ""not_applicable"", ""club_access"": false, ""view"": ""lagoon"", ""balcony"": false, ""terrace"": false, ""dormitory_bed_count"": null, ""dormitory_type"": ""not_applicable"", ""bed_type"": ""unknown"", ""bedroom_count"": null, ""bed_configuration"": [{""type"": ""double"", ""count"": 1}, {""type"": ""sofa"", ""count"": 2}, {""type"": ""twin"", ""count"": 2}], ""connecting_room"": false, ""swim_up"": true, ""annex"": false, ""jacuzzi"": false, ""hot_tub"": false, ""occupancy"": 4, ""single_use"": false, ""bed_relation"": ""combined""}",100.0,1,0,0,1,1,0,0,0,0,0,0,1,1,0,0,1
hotel_39620741_20260722_174828,39620741,144,172,Lagoon Duplex Swim-up,Lagoon Duplex Swim Up 5 Person,"{""category"": ""duplex"", ""room_class"": ""unknown"", ""suite_type"": ""not_applicable"", ""club_access"": false, ""view"": ""lagoon"", ""balcony"": false, ""terrace"": false, ""dormitory_bed_count"": null, ""dormitory_type"": ""not_applicable"", ""bed_type"": ""unknown"", ""bedroom_count"": null, ""bed_configuration"": [], ""connecting_room"": false, ""swim_up"": true, ""annex"": false, ""jacuzzi"": false, ""hot_tub"": false, ""occupancy"": null, ""single_use"": false, ""bed_relation"": ""unknown""}","{""category"": ""duplex"", ""room_class"": ""unknown"", ""suite_type"": ""not_applicable"", ""club_access"": false, ""view"": ""lagoon"", ""balcony"": false, ""terrace"": false, ""dormitory_bed_count"": null, ""dormitory_type"": ""not_applicable"", ""bed_type"": ""unknown"", ""bedroom_count"": null, ""bed_configuration"": [], ""connecting_room"": false, ""swim_up"": true, ""annex"": false, ""jacuzzi"": false, ""hot_tub"": false, ""occupancy"": 5, ""single_use"": false, ""bed_relation"": ""unknown""}",100.0,1,0,0,1,1,0,0,0,0,0,0,1,1,0,0,1
hotel_39620741_20260722_174828,39620741,58,162,DUPLEX - GARDEN,Duplex Garden Quad,"{""category"": ""duplex"", ""room_class"": ""unknown"", ""suite_type"": ""not_applicable"", ""club_access"": false, ""view"": ""garden"", ""balcony"": false, ""terrace"": false, ""dormitory_bed_count"": null, ""dormitory_type"": ""not_applicable"", ""bed_type"": ""unknown"", ""bedroom_count"": null, ""bed_configuration"": [], ""connecting_room"": false, ""swim_up"": false, ""annex"": false, ""jacuzzi"": false, ""hot_tub"": false, ""occupancy"": null, ""single_use"": false, ""bed_relation"": ""unknown""}","{""category"": ""duplex"", ""room_class"": ""unknown"", ""suite_type"": ""not_applicable"", ""club_access"": false, ""view"": ""garden"", ""balcony"": false, ""terrace"": false, ""dormitory_bed_count"": null, ""dormitory_type"": ""not_applicable"", ""bed_type"": ""unknown"", ""bedroom_count"": null, ""bed_configuration"": [], ""connecting_room"": false, ""swim_up"": false, ""annex"": false, ""jacuzzi"": false, ""hot_tub"": false, ""occupancy"": 4, ""single_use"": false, ""bed_relation"": ""unknown""}",100.0,1,0,0,1,1,0,0,0,0,0,0,1,1,0,0,1
hotel_39620741_20260722_174828,39620741,58,168,DUPLEX - GARDEN,"Duplex Garden Quad,1 Double Bed and 2 Twin Sofa Beds","{""category"": ""duplex"", ""room_class"": ""unknown"", ""suite_type"": ""not_applicable"", ""club_access"": false, ""view"": ""garden"", ""balcony"": false, ""terrace"": false, ""dormitory_bed_count"": null, ""dormitory_type"": ""not_applicable"", ""bed_type"": ""unknown"", ""bedroom_count"": null, ""bed_configuration"": [], ""connecting_room"": false, ""swim_up"": false, ""annex"": false, ""jacuzzi"": false, ""hot_tub"": false, ""occupancy"": null, ""single_use"": false, ""bed_relation"": ""unknown""}","{""category"": ""duplex"", ""room_class"": ""unknown"", ""suite_type"": ""not_applicable"", ""club_access"": false, ""view"": ""garden"", ""balcony"": false, ""terrace"": false, ""dormitory_bed_count"": null, ""dormitory_type"": ""not_applicable"", ""bed_type"": ""unknown"", ""bedroom_count"": null, ""bed_configuration"": [{""type"": ""double"", ""count"": 1}, {""type"": ""sofa"", ""count"": 2}, {""type"": ""twin"", ""count"": 2}], ""connecting_room"": false, ""swim_up"": false, ""annex"": false, ""jacuzzi"": false, ""hot_tub"": false, ""occupancy"": 4, ""single_use"": false, ""bed_relation"": ""combined""}",100.0,1,0,0,1,1,0,0,0,0,0,0,1,1,0,0,1
hotel_39620741_20260722_174828,39620741,54,113,MAIN BUILDING SEA SIDE,"Main Building Side Sea,2 Twin Beds","{""category"": ""room"", ""room_class"": ""unknown"", ""suite_type"": ""not_applicable"", ""club_access"": false, ""view"": ""unknown"", ""balcony"": false, ""terrace"": false, ""dormitory_bed_count"": null, ""dormitory_type"": ""not_applicable"", ""bed_type"": ""unknown"", ""bedroom_count"": null, ""bed_configuration"": [], ""connecting_room"": false, ""swim_up"": false, ""annex"": false, ""jacuzzi"": false, ""hot_tub"": false, ""occupancy"": null, ""single_use"": false, ""bed_relation"": ""unknown""}","{""category"": ""room"", ""room_class"": ""unknown"", ""suite_type"": ""not_applicable"", ""club_access"": false, ""view"": ""unknown"", ""balcony"": false, ""terrace"": false, ""dormitory_bed_count"": null, ""dormitory_type"": ""not_applicable"", ""bed_type"": ""unknown"", ""bedroom_count"": null, ""bed_configuration"": [{""type"": ""twin"", ""count"": 2}], ""connecting_room"": false, ""swim_up"": false, ""annex"": false, ""jacuzzi"": false, ""hot_tub"": false, ""occupancy"": 2, ""single_use"": false, ""bed_relation"": ""unknown""}",100.0,1,0,0,0,0,0,0,0,0,0,0,1,1,0,0,1
hotel_39620741_20260722_174828,39620741,98,113,Main Building Sea Side 2+2,"Main Building Side Sea,2 Twin Beds","{""category"": ""room"", ""room_class"": ""unknown"", ""suite_type"": ""not_applicable"", ""club_access"": false, ""view"": ""unknown"", ""balcony"": false, ""terrace"": false, ""dormitory_bed_count"": null, ""dormitory_type"": ""not_applicable"", ""bed_type"": ""unknown"", ""bedroom_count"": null, ""bed_configuration"": [], ""connecting_room"": false, ""swim_up"": false, ""annex"": false, ""jacuzzi"": false, ""hot_tub"": false, ""occupancy"": null, ""single_use"": false, ""bed_relation"": ""unknown""}","{""category"": ""room"", ""room_class"": ""unknown"", ""suite_type"": ""not_applicable"", ""club_access"": false, ""view"": ""unknown"", ""balcony"": false, ""terrace"": false, ""dormitory_bed_count"": null, ""dormitory_type"": ""not_applicable"", ""bed_type"": ""unknown"", ""bedroom_count"": null, ""bed_configuration"": [{""type"": ""twin"", ""count"": 2}], ""connecting_room"": false, ""swim_up"": false, ""annex"": false, ""jacuzzi"": false, ""hot_tub"": false, ""occupancy"": 2, ""single_use"": false, ""bed_relation"": ""unknown""}",100.0,1,0,0,0,0,0,0,0,0,0,0,1,1,0,0,1
hotel_39620741_20260722_174828,39620741,98,123,Main Building Sea Side 2+2,Main Building Sea Side Triple,"{""category"": ""room"", ""room_class"": ""unknown"", ""suite_type"": ""not_applicable"", ""club_access"": false, ""view"": ""unknown"", ""balcony"": false, ""terrace"": false, ""dormitory_bed_count"": null, ""dormitory_type"": ""not_applicable"", ""bed_type"": ""unknown"", ""bedroom_count"": null, ""bed_configuration"": [], ""connecting_room"": false, ""swim_up"": false, ""annex"": false, ""jacuzzi"": false, ""hot_tub"": false, ""occupancy"": null, ""single_use"": false, ""bed_relation"": ""unknown""}","{""category"": ""room"", ""room_class"": ""unknown"", ""suite_type"": ""not_applicable"", ""club_access"": false, ""view"": ""unknown"", ""balcony"": false, ""terrace"": false, ""dormitory_bed_count"": null, ""dormitory_type"": ""not_applicable"", ""bed_type"": ""unknown"", ""bedroom_count"": null, ""bed_configuration"": [], ""connecting_room"": false, ""swim_up"": false, ""annex"": false, ""jacuzzi"": false, ""hot_tub"": false, ""occupancy"": 3, ""single_use"": false, ""bed_relation"": ""unknown""}",95.65217391304348,1,0,0,0,0,0,0,0,0,0,0,1,1,0,0,1
hotel_39620741_20260722_174828,39620741,59,157,DUPLEX - SWIM UP,"Lagoon Duplex Swim Up Quad,1 Double Bed and 2 Twin Sofa Beds","{""category"": ""duplex"", ""room_class"": ""unknown"", ""suite_type"": ""not_applicable"", ""club_access"": false, ""view"": ""unknown"", ""balcony"": false, ""terrace"": false, ""dormitory_bed_count"": null, ""dormitory_type"": ""not_applicable"", ""bed_type"": ""unknown"", ""bedroom_count"": null, ""bed_configuration"": [], ""connecting_room"": false, ""swim_up"": true, ""annex"": false, ""jacuzzi"": false, ""hot_tub"": false, ""occupancy"": null, ""single_use"": false, ""bed_relation"": ""unknown""}","{""category"": ""duplex"", ""room_class"": ""unknown"", ""suite_type"": ""not_applicable"", ""club_access"": false, ""view"": ""lagoon"", ""balcony"": false, ""terrace"": false, ""dormitory_bed_count"": null, ""dormitory_type"": ""not_applicable"", ""bed_type"": ""unknown"", ""bedroom_count"": null, ""bed_configuration"": [{""type"": ""double"", ""count"": 1}, {""type"": ""sofa"", ""count"": 2}, {""type"": ""twin"", ""count"": 2}], ""connecting_room"": false, ""swim_up"": true, ""annex"": false, ""jacuzzi"": false, ""hot_tub"": false, ""occupancy"": 4, ""single_use"": false, ""bed_relation"": ""combined""}",100.0,1,0,0,0,0,0,0,0,0,0,0,1,1,0,0,1
hotel_39620741_20260722_174828,39620741,59,172,DUPLEX - SWIM UP,Lagoon Duplex Swim Up 5 Person,"{""category"": ""duplex"", ""room_class"": ""unknown"", ""suite_type"": ""not_applicable"", ""club_access"": false, ""view"": ""unknown"", ""balcony"": false, ""terrace"": false, ""dormitory_bed_count"": null, ""dormitory_type"": ""not_applicable"", ""bed_type"": ""unknown"", ""bedroom_count"": null, ""bed_configuration"": [], ""connecting_room"": false, ""swim_up"": true, ""annex"": false, ""jacuzzi"": false, ""hot_tub"": false, ""occupancy"": null, ""single_use"": false, ""bed_relation"": ""unknown""}","{""category"": ""duplex"", ""room_class"": ""unknown"", ""suite_type"": ""not_applicable"", ""club_access"": false, ""view"": ""lagoon"", ""balcony"": false, ""terrace"": false, ""dormitory_bed_count"": null, ""dormitory_type"": ""not_applicable"", ""bed_type"": ""unknown"", ""bedroom_count"": null, ""bed_configuration"": [], ""connecting_room"": false, ""swim_up"": true, ""annex"": false, ""jacuzzi"": false, ""hot_tub"": false, ""occupancy"": 5, ""single_use"": false, ""bed_relation"": ""unknown""}",100.0,1,0,0,0,0,0,0,0,0,0,0,1,1,0,0,1
hotel_39620741_20260722_174828,39620741,60,147,FAMILY ROOM - MAIN BUILDING,"Main Building Family Side Sea,1 Double Bed and 2 Twin Sofa Beds","{""category"": ""family"", ""room_class"": ""unknown"", ""suite_type"": ""not_applicable"", ""club_access"": false, ""view"": ""unknown"", ""balcony"": false, ""terrace"": false, ""dormitory_bed_count"": null, ""dormitory_type"": ""not_applicable"", ""bed_type"": ""unknown"", ""bedroom_count"": null, ""bed_configuration"": [], ""connecting_room"": false, ""swim_up"": false, ""annex"": false, ""jacuzzi"": false, ""hot_tub"": false, ""occupancy"": null, ""single_use"": false, ""bed_relation"": ""unknown""}","{""category"": ""family"", ""room_class"": ""unknown"", ""suite_type"": ""not_applicable"", ""club_access"": false, ""view"": ""unknown"", ""balcony"": false, ""terrace"": false, ""dormitory_bed_count"": null, ""dormitory_type"": ""not_applicable"", ""bed_type"": ""unknown"", ""bedroom_count"": null, ""bed_configuration"": [{""type"": ""double"", ""count"": 1}, {""type"": ""sofa"", ""count"": 2}, {""type"": ""twin"", ""count"": 2}], ""connecting_room"": false, ""swim_up"": false, ""annex"": false, ""jacuzzi"": false, ""hot_tub"": false, ""occupancy"": 2, ""single_use"": false, ""bed_relation"": ""combined""}",88.88888888888889,1,0,0,0,0,0,0,0,0,0,0,1,1,0,0,1
hotel_39620741_20260722_174828,39620741,60,161,FAMILY ROOM - MAIN BUILDING,"Main Building Family Sea Side Quad,1 Double Bed and 2 Twin Sofa Beds","{""category"": ""family"", ""room_class"": ""unknown"", ""suite_type"": ""not_applicable"", ""club_access"": false, ""view"": ""unknown"", ""balcony"": false, ""terrace"": false, ""dormitory_bed_count"": null, ""dormitory_type"": ""not_applicable"", ""bed_type"": ""unknown"", ""bedroom_count"": null, ""bed_configuration"": [], ""connecting_room"": false, ""swim_up"": false, ""annex"": false, ""jacuzzi"": false, ""hot_tub"": false, ""occupancy"": null, ""single_use"": false, ""bed_relation"": ""unknown""}","{""category"": ""family"", ""room_class"": ""unknown"", ""suite_type"": ""not_applicable"", ""club_access"": false, ""view"": ""unknown"", ""balcony"": false, ""terrace"": false, ""dormitory_bed_count"": null, ""dormitory_type"": ""not_applicable"", ""bed_type"": ""unknown"", ""bedroom_count"": null, ""bed_configuration"": [{""type"": ""double"", ""count"": 1}, {""type"": ""sofa"", ""count"": 2}, {""type"": ""twin"", ""count"": 2}], ""connecting_room"": false, ""swim_up"": false, ""annex"": false, ""jacuzzi"": false, ""hot_tub"": false, ""occupancy"": 4, ""single_use"": false, ""bed_relation"": ""combined""}",88.88888888888889,1,0,0,0,0,0,0,0,0,0,0,1,1,0,0,1
hotel_39620741_20260722_174828,39620741,60,167,FAMILY ROOM - MAIN BUILDING,Main Building Family Sea Side 5 Person,"{""category"": ""family"", ""room_class"": ""unknown"", ""suite_type"": ""not_applicable"", ""club_access"": false, ""view"": ""unknown"", ""balcony"": false, ""terrace"": false, ""dormitory_bed_count"": null, ""dormitory_type"": ""not_applicable"", ""bed_type"": ""unknown"", ""bedroom_count"": null, ""bed_configuration"": [], ""connecting_room"": false, ""swim_up"": false, ""annex"": false, ""jacuzzi"": false, ""hot_tub"": false, ""occupancy"": null, ""single_use"": false, ""bed_relation"": ""unknown""}","{""category"": ""family"", ""room_class"": ""unknown"", ""suite_type"": ""not_applicable"", ""club_access"": false, ""view"": ""unknown"", ""balcony"": false, ""terrace"": false, ""dormitory_bed_count"": null, ""dormitory_type"": ""not_applicable"", ""bed_type"": ""unknown"", ""bedroom_count"": null, ""bed_configuration"": [], ""connecting_room"": false, ""swim_up"": false, ""annex"": false, ""jacuzzi"": false, ""hot_tub"": false, ""occupancy"": 5, ""single_use"": false, ""bed_relation"": ""unknown""}",88.88888888888889,1,0,0,0,0,0,0,0,0,0,0,1,1,0,0,1
hotel_39620741_20260722_174828,39620741,60,171,FAMILY ROOM - MAIN BUILDING,"Main Building Family Sea Side 5 Person,1 Double Bed and 2 Twin Sofa Beds","{""category"": ""family"", ""room_class"": ""unknown"", ""suite_type"": ""not_applicable"", ""club_access"": false, ""view"": ""unknown"", ""balcony"": false, ""terrace"": false, ""dormitory_bed_count"": null, ""dormitory_type"": ""not_applicable"", ""bed_type"": ""unknown"", ""bedroom_count"": null, ""bed_configuration"": [], ""connecting_room"": false, ""swim_up"": false, ""annex"": false, ""jacuzzi"": false, ""hot_tub"": false, ""occupancy"": null, ""single_use"": false, ""bed_relation"": ""unknown""}","{""category"": ""family"", ""room_class"": ""unknown"", ""suite_type"": ""not_applicable"", ""club_access"": false, ""view"": ""unknown"", ""balcony"": false, ""terrace"": false, ""dormitory_bed_count"": null, ""dormitory_type"": ""not_applicable"", ""bed_type"": ""unknown"", ""bedroom_count"": null, ""bed_configuration"": [{""type"": ""double"", ""count"": 1}, {""type"": ""sofa"", ""count"": 2}, {""type"": ""twin"", ""count"": 2}], ""connecting_room"": false, ""swim_up"": false, ""annex"": false, ""jacuzzi"": false, ""hot_tub"": false, ""occupancy"": 5, ""single_use"": false, ""bed_relation"": ""combined""}",88.88888888888889,1,0,0,0,0,0,0,0,0,0,0,1,1,0,0,1
hotel_39620741_20260722_174828,39620741,113,123,"Main Building Side Sea,2 Twin Beds",Main Building Sea Side Triple,"{""category"": ""room"", ""room_class"": ""unknown"", ""suite_type"": ""not_applicable"", ""club_access"": false, ""view"": ""unknown"", ""balcony"": false, ""terrace"": false, ""dormitory_bed_count"": null, ""dormitory_type"": ""not_applicable"", ""bed_type"": ""unknown"", ""bedroom_count"": null, ""bed_configuration"": [{""type"": ""twin"", ""count"": 2}], ""connecting_room"": false, ""swim_up"": false, ""annex"": false, ""jacuzzi"": false, ""hot_tub"": false, ""occupancy"": 2, ""single_use"": false, ""bed_relation"": ""unknown""}","{""category"": ""room"", ""room_class"": ""unknown"", ""suite_type"": ""not_applicable"", ""club_access"": false, ""view"": ""unknown"", ""balcony"": false, ""terrace"": false, ""dormitory_bed_count"": null, ""dormitory_type"": ""not_applicable"", ""bed_type"": ""unknown"", ""bedroom_count"": null, ""bed_configuration"": [], ""connecting_room"": false, ""swim_up"": false, ""annex"": false, ""jacuzzi"": false, ""hot_tub"": false, ""occupancy"": 3, ""single_use"": false, ""bed_relation"": ""unknown""}",86.27450980392157,1,0,0,0,0,0,0,0,0,1,0,1,1,0,0,1
hotel_39620741_20260722_174828,39620741,145,147,"A Block Family Land,1 Double Bed and 2 Twin Sofa Beds","Main Building Family Side Sea,1 Double Bed and 2 Twin Sofa Beds","{""category"": ""family"", ""room_class"": ""unknown"", ""suite_type"": ""not_applicable"", ""club_access"": false, ""view"": ""unknown"", ""balcony"": false, ""terrace"": false, ""dormitory_bed_count"": null, ""dormitory_type"": ""not_applicable"", ""bed_type"": ""unknown"", ""bedroom_count"": null, ""bed_configuration"": [{""type"": ""double"", ""count"": 1}, {""type"": ""sofa"", ""count"": 2}, {""type"": ""twin"", ""count"": 2}], ""connecting_room"": false, ""swim_up"": false, ""annex"": false, ""jacuzzi"": false, ""hot_tub"": false, ""occupancy"": 2, ""single_use"": false, ""bed_relation"": ""combined""}","{""category"": ""family"", ""room_class"": ""unknown"", ""suite_type"": ""not_applicable"", ""club_access"": false, ""view"": ""unknown"", ""balcony"": false, ""terrace"": false, ""dormitory_bed_count"": null, ""dormitory_type"": ""not_applicable"", ""bed_type"": ""unknown"", ""bedroom_count"": null, ""bed_configuration"": [{""type"": ""double"", ""count"": 1}, {""type"": ""sofa"", ""count"": 2}, {""type"": ""twin"", ""count"": 2}], ""connecting_room"": false, ""swim_up"": false, ""annex"": false, ""jacuzzi"": false, ""hot_tub"": false, ""occupancy"": 2, ""single_use"": false, ""bed_relation"": ""combined""}",86.02150537634408,1,0,0,0,0,0,0,1,1,1,1,1,1,0,0,1
hotel_39620741_20260722_174828,39620741,145,161,"A Block Family Land,1 Double Bed and 2 Twin Sofa Beds","Main Building Family Sea Side Quad,1 Double Bed and 2 Twin Sofa Beds","{""category"": ""family"", ""room_class"": ""unknown"", ""suite_type"": ""not_applicable"", ""club_access"": false, ""view"": ""unknown"", ""balcony"": false, ""terrace"": false, ""dormitory_bed_count"": null, ""dormitory_type"": ""not_applicable"", ""bed_type"": ""unknown"", ""bedroom_count"": null, ""bed_configuration"": [{""type"": ""double"", ""count"": 1}, {""type"": ""sofa"", ""count"": 2}, {""type"": ""twin"", ""count"": 2}], ""connecting_room"": false, ""swim_up"": false, ""annex"": false, ""jacuzzi"": false, ""hot_tub"": false, ""occupancy"": 2, ""single_use"": false, ""bed_relation"": ""combined""}","{""category"": ""family"", ""room_class"": ""unknown"", ""suite_type"": ""not_applicable"", ""club_access"": false, ""view"": ""unknown"", ""balcony"": false, ""terrace"": false, ""dormitory_bed_count"": null, ""dormitory_type"": ""not_applicable"", ""bed_type"": ""unknown"", ""bedroom_count"": null, ""bed_configuration"": [{""type"": ""double"", ""count"": 1}, {""type"": ""sofa"", ""count"": 2}, {""type"": ""twin"", ""count"": 2}], ""connecting_room"": false, ""swim_up"": false, ""annex"": false, ""jacuzzi"": false, ""hot_tub"": false, ""occupancy"": 4, ""single_use"": false, ""bed_relation"": ""combined""}",86.02150537634408,1,0,0,0,0,0,0,1,1,1,0,1,1,0,0,1
hotel_39620741_20260722_174828,39620741,145,171,"A Block Family Land,1 Double Bed and 2 Twin Sofa Beds","Main Building Family Sea Side 5 Person,1 Double Bed and 2 Twin Sofa Beds","{""category"": ""family"", ""room_class"": ""unknown"", ""suite_type"": ""not_applicable"", ""club_access"": false, ""view"": ""unknown"", ""balcony"": false, ""terrace"": false, ""dormitory_bed_count"": null, ""dormitory_type"": ""not_applicable"", ""bed_type"": ""unknown"", ""bedroom_count"": null, ""bed_configuration"": [{""type"": ""double"", ""count"": 1}, {""type"": ""sofa"", ""count"": 2}, {""type"": ""twin"", ""count"": 2}], ""connecting_room"": false, ""swim_up"": false, ""annex"": false, ""jacuzzi"": false, ""hot_tub"": false, ""occupancy"": 2, ""single_use"": false, ""bed_relation"": ""combined""}","{""category"": ""family"", ""room_class"": ""unknown"", ""suite_type"": ""not_applicable"", ""club_access"": false, ""view"": ""unknown"", ""balcony"": false, ""terrace"": false, ""dormitory_bed_count"": null, ""dormitory_type"": ""not_applicable"", ""bed_type"": ""unknown"", ""bedroom_count"": null, ""bed_configuration"": [{""type"": ""double"", ""count"": 1}, {""type"": ""sofa"", ""count"": 2}, {""type"": ""twin"", ""count"": 2}], ""connecting_room"": false, ""swim_up"": false, ""annex"": false, ""jacuzzi"": false, ""hot_tub"": false, ""occupancy"": 5, ""single_use"": false, ""bed_relation"": ""combined""}",86.02150537634408,1,0,0,0,0,0,0,1,1,1,0,1,1,0,0,1
hotel_39620741_20260722_174828,39620741,147,156,"Main Building Family Side Sea,1 Double Bed and 2 Twin Sofa Beds","A Block Family Land Quad,1 Double Bed and 2 Twin Sofa Beds","{""category"": ""family"", ""room_class"": ""unknown"", ""suite_type"": ""not_applicable"", ""club_access"": false, ""view"": ""unknown"", ""balcony"": false, ""terrace"": false, ""dormitory_bed_count"": null, ""dormitory_type"": ""not_applicable"", ""bed_type"": ""unknown"", ""bedroom_count"": null, ""bed_configuration"": [{""type"": ""double"", ""count"": 1}, {""type"": ""sofa"", ""count"": 2}, {""type"": ""twin"", ""count"": 2}], ""connecting_room"": false, ""swim_up"": false, ""annex"": false, ""jacuzzi"": false, ""hot_tub"": false, ""occupancy"": 2, ""single_use"": false, ""bed_relation"": ""combined""}","{""category"": ""family"", ""room_class"": ""unknown"", ""suite_type"": ""not_applicable"", ""club_access"": false, ""view"": ""unknown"", ""balcony"": false, ""terrace"": false, ""dormitory_bed_count"": null, ""dormitory_type"": ""not_applicable"", ""bed_type"": ""unknown"", ""bedroom_count"": null, ""bed_configuration"": [{""type"": ""double"", ""count"": 1}, {""type"": ""sofa"", ""count"": 2}, {""type"": ""twin"", ""count"": 2}], ""connecting_room"": false, ""swim_up"": false, ""annex"": false, ""jacuzzi"": false, ""hot_tub"": false, ""occupancy"": 4, ""single_use"": false, ""bed_relation"": ""combined""}",81.63265306122449,1,0,0,0,0,0,0,1,1,1,0,1,1,0,0,1
hotel_39620741_20260722_174828,39620741,147,167,"Main Building Family Side Sea,1 Double Bed and 2 Twin Sofa Beds",Main Building Family Sea Side 5 Person,"{""category"": ""family"", ""room_class"": ""unknown"", ""suite_type"": ""not_applicable"", ""club_access"": false, ""view"": ""unknown"", ""balcony"": false, ""terrace"": false, ""dormitory_bed_count"": null, ""dormitory_type"": ""not_applicable"", ""bed_type"": ""unknown"", ""bedroom_count"": null, ""bed_configuration"": [{""type"": ""double"", ""count"": 1}, {""type"": ""sofa"", ""count"": 2}, {""type"": ""twin"", ""count"": 2}], ""connecting_room"": false, ""swim_up"": false, ""annex"": false, ""jacuzzi"": false, ""hot_tub"": false, ""occupancy"": 2, ""single_use"": false, ""bed_relation"": ""combined""}","{""category"": ""family"", ""room_class"": ""unknown"", ""suite_type"": ""not_applicable"", ""club_access"": false, ""view"": ""unknown"", ""balcony"": false, ""terrace"": false, ""dormitory_bed_count"": null, ""dormitory_type"": ""not_applicable"", ""bed_type"": ""unknown"", ""bedroom_count"": null, ""bed_configuration"": [], ""connecting_room"": false, ""swim_up"": false, ""annex"": false, ""jacuzzi"": false, ""hot_tub"": false, ""occupancy"": 5, ""single_use"": false, ""bed_relation"": ""unknown""}",86.56716417910448,1,0,0,0,0,0,0,0,0,1,0,1,1,0,0,1
hotel_39620741_20260722_174828,39620741,152,163,Laguna Duplex Swim-Up Quad,Laguna Duplex Swim-Up 5 Person,"{""category"": ""duplex"", ""room_class"": ""unknown"", ""suite_type"": ""not_applicable"", ""club_access"": false, ""view"": ""unknown"", ""balcony"": false, ""terrace"": false, ""dormitory_bed_count"": null, ""dormitory_type"": ""not_applicable"", ""bed_type"": ""unknown"", ""bedroom_count"": null, ""bed_configuration"": [], ""connecting_room"": false, ""swim_up"": true, ""annex"": false, ""jacuzzi"": false, ""hot_tub"": false, ""occupancy"": 4, ""single_use"": false, ""bed_relation"": ""unknown""}","{""category"": ""duplex"", ""room_class"": ""unknown"", ""suite_type"": ""not_applicable"", ""club_access"": false, ""view"": ""unknown"", ""balcony"": false, ""terrace"": false, ""dormitory_bed_count"": null, ""dormitory_type"": ""not_applicable"", ""bed_type"": ""unknown"", ""bedroom_count"": null, ""bed_configuration"": [], ""connecting_room"": false, ""swim_up"": true, ""annex"": false, ""jacuzzi"": false, ""hot_tub"": false, ""occupancy"": 5, ""single_use"": false, ""bed_relation"": ""unknown""}",89.36170212765957,1,0,0,0,0,0,0,0,0,1,0,1,1,0,0,1
hotel_39620741_20260722_174828,39620741,155,168,"Duplex Garden,1 Double Bed and 2 Twin Sofa Beds","Duplex Garden Quad,1 Double Bed and 2 Twin Sofa Beds","{""category"": ""duplex"", ""room_class"": ""unknown"", ""suite_type"": ""not_applicable"", ""club_access"": false, ""view"": ""garden"", ""balcony"": false, ""terrace"": false, ""dormitory_bed_count"": null, ""dormitory_type"": ""not_applicable"", ""bed_type"": ""unknown"", ""bedroom_count"": null, ""bed_configuration"": [{""type"": ""double"", ""count"": 1}, {""type"": ""sofa"", ""count"": 2}, {""type"": ""twin"", ""count"": 2}], ""connecting_room"": false, ""swim_up"": false, ""annex"": false, ""jacuzzi"": false, ""hot_tub"": false, ""occupancy"": 2, ""single_use"": false, ""bed_relation"": ""combined""}","{""category"": ""duplex"", ""room_class"": ""unknown"", ""suite_type"": ""not_applicable"", ""club_access"": false, ""view"": ""garden"", ""balcony"": false, ""terrace"": false, ""dormitory_bed_count"": null, ""dormitory_type"": ""not_applicable"", ""bed_type"": ""unknown"", ""bedroom_count"": null, ""bed_configuration"": [{""type"": ""double"", ""count"": 1}, {""type"": ""sofa"", ""count"": 2}, {""type"": ""twin"", ""count"": 2}], ""connecting_room"": false, ""swim_up"": false, ""annex"": false, ""jacuzzi"": false, ""hot_tub"": false, ""occupancy"": 4, ""single_use"": false, ""bed_relation"": ""combined""}",100.0,1,0,0,1,1,0,0,1,1,1,0,1,1,0,0,1
hotel_39620741_20260722_174828,39620741,156,161,"A Block Family Land Quad,1 Double Bed and 2 Twin Sofa Beds","Main Building Family Sea Side Quad,1 Double Bed and 2 Twin Sofa Beds","{""category"": ""family"", ""room_class"": ""unknown"", ""suite_type"": ""not_applicable"", ""club_access"": false, ""view"": ""unknown"", ""balcony"": false, ""terrace"": false, ""dormitory_bed_count"": null, ""dormitory_type"": ""not_applicable"", ""bed_type"": ""unknown"", ""bedroom_count"": null, ""bed_configuration"": [{""type"": ""double"", ""count"": 1}, {""type"": ""sofa"", ""count"": 2}, {""type"": ""twin"", ""count"": 2}], ""connecting_room"": false, ""swim_up"": false, ""annex"": false, ""jacuzzi"": false, ""hot_tub"": false, ""occupancy"": 4, ""single_use"": false, ""bed_relation"": ""combined""}","{""category"": ""family"", ""room_class"": ""unknown"", ""suite_type"": ""not_applicable"", ""club_access"": false, ""view"": ""unknown"", ""balcony"": false, ""terrace"": false, ""dormitory_bed_count"": null, ""dormitory_type"": ""not_applicable"", ""bed_type"": ""unknown"", ""bedroom_count"": null, ""bed_configuration"": [{""type"": ""double"", ""count"": 1}, {""type"": ""sofa"", ""count"": 2}, {""type"": ""twin"", ""count"": 2}], ""connecting_room"": false, ""swim_up"": false, ""annex"": false, ""jacuzzi"": false, ""hot_tub"": false, ""occupancy"": 4, ""single_use"": false, ""bed_relation"": ""combined""}",87.37864077669903,1,0,0,0,0,0,0,1,1,1,1,1,1,0,0,1
hotel_39620741_20260722_174828,39620741,156,171,"A Block Family Land Quad,1 Double Bed and 2 Twin Sofa Beds","Main Building Family Sea Side 5 Person,1 Double Bed and 2 Twin Sofa Beds","{""category"": ""family"", ""room_class"": ""unknown"", ""suite_type"": ""not_applicable"", ""club_access"": false, ""view"": ""unknown"", ""balcony"": false, ""terrace"": false, ""dormitory_bed_count"": null, ""dormitory_type"": ""not_applicable"", ""bed_type"": ""unknown"", ""bedroom_count"": null, ""bed_configuration"": [{""type"": ""double"", ""count"": 1}, {""type"": ""sofa"", ""count"": 2}, {""type"": ""twin"", ""count"": 2}], ""connecting_room"": false, ""swim_up"": false, ""annex"": false, ""jacuzzi"": false, ""hot_tub"": false, ""occupancy"": 4, ""single_use"": false, ""bed_relation"": ""combined""}","{""category"": ""family"", ""room_class"": ""unknown"", ""suite_type"": ""not_applicable"", ""club_access"": false, ""view"": ""unknown"", ""balcony"": false, ""terrace"": false, ""dormitory_bed_count"": null, ""dormitory_type"": ""not_applicable"", ""bed_type"": ""unknown"", ""bedroom_count"": null, ""bed_configuration"": [{""type"": ""double"", ""count"": 1}, {""type"": ""sofa"", ""count"": 2}, {""type"": ""twin"", ""count"": 2}], ""connecting_room"": false, ""swim_up"": false, ""annex"": false, ""jacuzzi"": false, ""hot_tub"": false, ""occupancy"": 5, ""single_use"": false, ""bed_relation"": ""combined""}",81.63265306122449,1,0,0,0,0,0,0,1,1,1,0,1,1,0,0,1
hotel_39620741_20260722_174828,39620741,157,172,"Lagoon Duplex Swim Up Quad,1 Double Bed and 2 Twin Sofa Beds",Lagoon Duplex Swim Up 5 Person,"{""category"": ""duplex"", ""room_class"": ""unknown"", ""suite_type"": ""not_applicable"", ""club_access"": false, ""view"": ""lagoon"", ""balcony"": false, ""terrace"": false, ""dormitory_bed_count"": null, ""dormitory_type"": ""not_applicable"", ""bed_type"": ""unknown"", ""bedroom_count"": null, ""bed_configuration"": [{""type"": ""double"", ""count"": 1}, {""type"": ""sofa"", ""count"": 2}, {""type"": ""twin"", ""count"": 2}], ""connecting_room"": false, ""swim_up"": true, ""annex"": false, ""jacuzzi"": false, ""hot_tub"": false, ""occupancy"": 4, ""single_use"": false, ""bed_relation"": ""combined""}","{""category"": ""duplex"", ""room_class"": ""unknown"", ""suite_type"": ""not_applicable"", ""club_access"": false, ""view"": ""lagoon"", ""balcony"": false, ""terrace"": false, ""dormitory_bed_count"": null, ""dormitory_type"": ""not_applicable"", ""bed_type"": ""unknown"", ""bedroom_count"": null, ""bed_configuration"": [], ""connecting_room"": false, ""swim_up"": true, ""annex"": false, ""jacuzzi"": false, ""hot_tub"": false, ""occupancy"": 5, ""single_use"": false, ""bed_relation"": ""unknown""}",82.35294117647058,1,0,0,1,1,0,0,0,0,1,0,1,1,0,0,1
hotel_39620741_20260722_174828,39620741,161,167,"Main Building Family Sea Side Quad,1 Double Bed and 2 Twin Sofa Beds",Main Building Family Sea Side 5 Person,"{""category"": ""family"", ""room_class"": ""unknown"", ""suite_type"": ""not_applicable"", ""club_access"": false, ""view"": ""unknown"", ""balcony"": false, ""terrace"": false, ""dormitory_bed_count"": null, ""dormitory_type"": ""not_applicable"", ""bed_type"": ""unknown"", ""bedroom_count"": null, ""bed_configuration"": [{""type"": ""double"", ""count"": 1}, {""type"": ""sofa"", ""count"": 2}, {""type"": ""twin"", ""count"": 2}], ""connecting_room"": false, ""swim_up"": false, ""annex"": false, ""jacuzzi"": false, ""hot_tub"": false, ""occupancy"": 4, ""single_use"": false, ""bed_relation"": ""combined""}","{""category"": ""family"", ""room_class"": ""unknown"", ""suite_type"": ""not_applicable"", ""club_access"": false, ""view"": ""unknown"", ""balcony"": false, ""terrace"": false, ""dormitory_bed_count"": null, ""dormitory_type"": ""not_applicable"", ""bed_type"": ""unknown"", ""bedroom_count"": null, ""bed_configuration"": [], ""connecting_room"": false, ""swim_up"": false, ""annex"": false, ""jacuzzi"": false, ""hot_tub"": false, ""occupancy"": 5, ""single_use"": false, ""bed_relation"": ""unknown""}",86.56716417910448,1,0,0,0,0,0,0,0,0,1,0,1,1,0,0,1
hotel_39620741_20260722_174828,39620741,161,171,"Main Building Family Sea Side Quad,1 Double Bed and 2 Twin Sofa Beds","Main Building Family Sea Side 5 Person,1 Double Bed and 2 Twin Sofa Beds","{""category"": ""family"", ""room_class"": ""unknown"", ""suite_type"": ""not_applicable"", ""club_access"": false, ""view"": ""unknown"", ""balcony"": false, ""terrace"": false, ""dormitory_bed_count"": null, ""dormitory_type"": ""not_applicable"", ""bed_type"": ""unknown"", ""bedroom_count"": null, ""bed_configuration"": [{""type"": ""double"", ""count"": 1}, {""type"": ""sofa"", ""count"": 2}, {""type"": ""twin"", ""count"": 2}], ""connecting_room"": false, ""swim_up"": false, ""annex"": false, ""jacuzzi"": false, ""hot_tub"": false, ""occupancy"": 4, ""single_use"": false, ""bed_relation"": ""combined""}","{""category"": ""family"", ""room_class"": ""unknown"", ""suite_type"": ""not_applicable"", ""club_access"": false, ""view"": ""unknown"", ""balcony"": false, ""terrace"": false, ""dormitory_bed_count"": null, ""dormitory_type"": ""not_applicable"", ""bed_type"": ""unknown"", ""bedroom_count"": null, ""bed_configuration"": [{""type"": ""double"", ""count"": 1}, {""type"": ""sofa"", ""count"": 2}, {""type"": ""twin"", ""count"": 2}], ""connecting_room"": false, ""swim_up"": false, ""annex"": false, ""jacuzzi"": false, ""hot_tub"": false, ""occupancy"": 5, ""single_use"": false, ""bed_relation"": ""combined""}",96.18320610687024,1,0,0,0,0,0,0,1,1,1,0,1,1,0,0,1
hotel_39620741_20260722_174828,39620741,162,168,Duplex Garden Quad,"Duplex Garden Quad,1 Double Bed and 2 Twin Sofa Beds","{""category"": ""duplex"", ""room_class"": ""unknown"", ""suite_type"": ""not_applicable"", ""club_access"": false, ""view"": ""garden"", ""balcony"": false, ""terrace"": false, ""dormitory_bed_count"": null, ""dormitory_type"": ""not_applicable"", ""bed_type"": ""unknown"", ""bedroom_count"": null, ""bed_configuration"": [], ""connecting_room"": false, ""swim_up"": false, ""annex"": false, ""jacuzzi"": false, ""hot_tub"": false, ""occupancy"": 4, ""single_use"": false, ""bed_relation"": ""unknown""}","{""category"": ""duplex"", ""room_class"": ""unknown"", ""suite_type"": ""not_applicable"", ""club_access"": false, ""view"": ""garden"", ""balcony"": false, ""terrace"": false, ""dormitory_bed_count"": null, ""dormitory_type"": ""not_applicable"", ""bed_type"": ""unknown"", ""bedroom_count"": null, ""bed_configuration"": [{""type"": ""double"", ""count"": 1}, {""type"": ""sofa"", ""count"": 2}, {""type"": ""twin"", ""count"": 2}], ""connecting_room"": false, ""swim_up"": false, ""annex"": false, ""jacuzzi"": false, ""hot_tub"": false, ""occupancy"": 4, ""single_use"": false, ""bed_relation"": ""combined""}",100.0,1,0,0,1,1,0,0,0,0,1,1,1,1,0,0,1
hotel_39620741_20260722_174828,39620741,163,172,Laguna Duplex Swim-Up 5 Person,Lagoon Duplex Swim Up 5 Person,"{""category"": ""duplex"", ""room_class"": ""unknown"", ""suite_type"": ""not_applicable"", ""club_access"": false, ""view"": ""unknown"", ""balcony"": false, ""terrace"": false, ""dormitory_bed_count"": null, ""dormitory_type"": ""not_applicable"", ""bed_type"": ""unknown"", ""bedroom_count"": null, ""bed_configuration"": [], ""connecting_room"": false, ""swim_up"": true, ""annex"": false, ""jacuzzi"": false, ""hot_tub"": false, ""occupancy"": 5, ""single_use"": false, ""bed_relation"": ""unknown""}","{""category"": ""duplex"", ""room_class"": ""unknown"", ""suite_type"": ""not_applicable"", ""club_access"": false, ""view"": ""lagoon"", ""balcony"": false, ""terrace"": false, ""dormitory_bed_count"": null, ""dormitory_type"": ""not_applicable"", ""bed_type"": ""unknown"", ""bedroom_count"": null, ""bed_configuration"": [], ""connecting_room"": false, ""swim_up"": true, ""annex"": false, ""jacuzzi"": false, ""hot_tub"": false, ""occupancy"": 5, ""single_use"": false, ""bed_relation"": ""unknown""}",93.33333333333331,1,0,0,0,0,0,0,0,0,1,1,1,1,0,0,1
hotel_39620741_20260722_174828,39620741,167,171,Main Building Family Sea Side 5 Person,"Main Building Family Sea Side 5 Person,1 Double Bed and 2 Twin Sofa Beds","{""category"": ""family"", ""room_class"": ""unknown"", ""suite_type"": ""not_applicable"", ""club_access"": false, ""view"": ""unknown"", ""balcony"": false, ""terrace"": false, ""dormitory_bed_count"": null, ""dormitory_type"": ""not_applicable"", ""bed_type"": ""unknown"", ""bedroom_count"": null, ""bed_configuration"": [], ""connecting_room"": false, ""swim_up"": false, ""annex"": false, ""jacuzzi"": false, ""hot_tub"": false, ""occupancy"": 5, ""single_use"": false, ""bed_relation"": ""unknown""}","{""category"": ""family"", ""room_class"": ""unknown"", ""suite_type"": ""not_applicable"", ""club_access"": false, ""view"": ""unknown"", ""balcony"": false, ""terrace"": false, ""dormitory_bed_count"": null, ""dormitory_type"": ""not_applicable"", ""bed_type"": ""unknown"", ""bedroom_count"": null, ""bed_configuration"": [{""type"": ""double"", ""count"": 1}, {""type"": ""sofa"", ""count"": 2}, {""type"": ""twin"", ""count"": 2}], ""connecting_room"": false, ""swim_up"": false, ""annex"": false, ""jacuzzi"": false, ""hot_tub"": false, ""occupancy"": 5, ""single_use"": false, ""bed_relation"": ""combined""}",100.0,1,0,0,0,0,0,0,0,0,1,1,1,1,0,0,1
hotel_39766989_20260722_173629,39766989,1,8,Be Trendy Standard Room Land View,BE LARGE LANDVIEW,"{""category"": ""room"", ""room_class"": ""standard"", ""suite_type"": ""not_applicable"", ""club_access"": false, ""view"": ""land"", ""balcony"": false, ""terrace"": false, ""dormitory_bed_count"": null, ""dormitory_type"": ""not_applicable"", ""bed_type"": ""unknown"", ""bedroom_count"": null, ""bed_configuration"": [], ""connecting_room"": false, ""swim_up"": false, ""annex"": false, ""jacuzzi"": false, ""hot_tub"": false, ""occupancy"": null, ""single_use"": false, ""bed_relation"": ""unknown""}","{""category"": ""room"", ""room_class"": ""unknown"", ""suite_type"": ""not_applicable"", ""club_access"": false, ""view"": ""unknown"", ""balcony"": false, ""terrace"": false, ""dormitory_bed_count"": null, ""dormitory_type"": ""not_applicable"", ""bed_type"": ""unknown"", ""bedroom_count"": null, ""bed_configuration"": [], ""connecting_room"": false, ""swim_up"": false, ""annex"": false, ""jacuzzi"": false, ""hot_tub"": false, ""occupancy"": null, ""single_use"": false, ""bed_relation"": ""unknown""}",44.0,1,0,0,0,0,0,0,0,0,0,0,1,1,1,1,0
hotel_39766989_20260722_173629,39766989,1,10,Be Trendy Standard Room Land View,BE TRENDY LANDVIEW,"{""category"": ""room"", ""room_class"": ""standard"", ""suite_type"": ""not_applicable"", ""club_access"": false, ""view"": ""land"", ""balcony"": false, ""terrace"": false, ""dormitory_bed_count"": null, ""dormitory_type"": ""not_applicable"", ""bed_type"": ""unknown"", ""bedroom_count"": null, ""bed_configuration"": [], ""connecting_room"": false, ""swim_up"": false, ""annex"": false, ""jacuzzi"": false, ""hot_tub"": false, ""occupancy"": null, ""single_use"": false, ""bed_relation"": ""unknown""}","{""category"": ""room"", ""room_class"": ""unknown"", ""suite_type"": ""not_applicable"", ""club_access"": false, ""view"": ""unknown"", ""balcony"": false, ""terrace"": false, ""dormitory_bed_count"": null, ""dormitory_type"": ""not_applicable"", ""bed_type"": ""unknown"", ""bedroom_count"": null, ""bed_configuration"": [], ""connecting_room"": false, ""swim_up"": false, ""annex"": false, ""jacuzzi"": false, ""hot_tub"": false, ""occupancy"": null, ""single_use"": false, ""bed_relation"": ""unknown""}",70.58823529411765,1,0,0,0,0,0,0,0,0,0,0,1,1,1,1,0
hotel_39766989_20260722_173629,39766989,1,40,Be Trendy Standard Room Land View,DOUBLE/TWIN LAND VIEW 2/3 PAX,"{""category"": ""room"", ""room_class"": ""standard"", ""suite_type"": ""not_applicable"", ""club_access"": false, ""view"": ""land"", ""balcony"": false, ""terrace"": false, ""dormitory_bed_count"": null, ""dormitory_type"": ""not_applicable"", ""bed_type"": ""unknown"", ""bedroom_count"": null, ""bed_configuration"": [], ""connecting_room"": false, ""swim_up"": false, ""annex"": false, ""jacuzzi"": false, ""hot_tub"": false, ""occupancy"": null, ""single_use"": false, ""bed_relation"": ""unknown""}","{""category"": ""room"", ""room_class"": ""unknown"", ""suite_type"": ""not_applicable"", ""club_access"": false, ""view"": ""land"", ""balcony"": false, ""terrace"": false, ""dormitory_bed_count"": null, ""dormitory_type"": ""not_applicable"", ""bed_type"": ""unknown"", ""bedroom_count"": null, ""bed_configuration"": [{""type"": ""double"", ""count"": null}, {""type"": ""twin"", ""count"": null}], ""connecting_room"": false, ""swim_up"": false, ""annex"": false, ""jacuzzi"": false, ""hot_tub"": false, ""occupancy"": 3, ""single_use"": false, ""bed_relation"": ""alternative""}",54.83870967741935,1,0,0,1,1,0,0,0,0,0,0,1,1,1,1,0
hotel_39766989_20260722_173629,39766989,2,8,Be Large Standard Room Land View,BE LARGE LANDVIEW,"{""category"": ""room"", ""room_class"": ""standard"", ""suite_type"": ""not_applicable"", ""club_access"": false, ""view"": ""land"", ""balcony"": false, ""terrace"": false, ""dormitory_bed_count"": null, ""dormitory_type"": ""not_applicable"", ""bed_type"": ""unknown"", ""bedroom_count"": null, ""bed_configuration"": [], ""connecting_room"": false, ""swim_up"": false, ""annex"": false, ""jacuzzi"": false, ""hot_tub"": false, ""occupancy"": null, ""single_use"": false, ""bed_relation"": ""unknown""}","{""category"": ""room"", ""room_class"": ""unknown"", ""suite_type"": ""not_applicable"", ""club_access"": false, ""view"": ""unknown"", ""balcony"": false, ""terrace"": false, ""dormitory_bed_count"": null, ""dormitory_type"": ""not_applicable"", ""bed_type"": ""unknown"", ""bedroom_count"": null, ""bed_configuration"": [], ""connecting_room"": false, ""swim_up"": false, ""annex"": false, ""jacuzzi"": false, ""hot_tub"": false, ""occupancy"": null, ""single_use"": false, ""bed_relation"": ""unknown""}",69.38775510204081,1,0,0,0,0,0,0,0,0,0,0,1,1,1,1,0
hotel_39766989_20260722_173629,39766989,2,10,Be Large Standard Room Land View,BE TRENDY LANDVIEW,"{""category"": ""room"", ""room_class"": ""standard"", ""suite_type"": ""not_applicable"", ""club_access"": false, ""view"": ""land"", ""balcony"": false, ""terrace"": false, ""dormitory_bed_count"": null, ""dormitory_type"": ""not_applicable"", ""bed_type"": ""unknown"", ""bedroom_count"": null, ""bed_configuration"": [], ""connecting_room"": false, ""swim_up"": false, ""annex"": false, ""jacuzzi"": false, ""hot_tub"": false, ""occupancy"": null, ""single_use"": false, ""bed_relation"": ""unknown""}","{""category"": ""room"", ""room_class"": ""unknown"", ""suite_type"": ""not_applicable"", ""club_access"": false, ""view"": ""unknown"", ""balcony"": false, ""terrace"": false, ""dormitory_bed_count"": null, ""dormitory_type"": ""not_applicable"", ""bed_type"": ""unknown"", ""bedroom_count"": null, ""bed_configuration"": [], ""connecting_room"": false, ""swim_up"": false, ""annex"": false, ""jacuzzi"": false, ""hot_tub"": false, ""occupancy"": null, ""single_use"": false, ""bed_relation"": ""unknown""}",48.0,1,0,0,0,0,0,0,0,0,0,0,1,1,1,1,0
hotel_39766989_20260722_173629,39766989,2,40,Be Large Standard Room Land View,DOUBLE/TWIN LAND VIEW 2/3 PAX,"{""category"": ""room"", ""room_class"": ""standard"", ""suite_type"": ""not_applicable"", ""club_access"": false, ""view"": ""land"", ""balcony"": false, ""terrace"": false, ""dormitory_bed_count"": null, ""dormitory_type"": ""not_applicable"", ""bed_type"": ""unknown"", ""bedroom_count"": null, ""bed_configuration"": [], ""connecting_room"": false, ""swim_up"": false, ""annex"": false, ""jacuzzi"": false, ""hot_tub"": false, ""occupancy"": null, ""single_use"": false, ""bed_relation"": ""unknown""}","{""category"": ""room"", ""room_class"": ""unknown"", ""suite_type"": ""not_applicable"", ""club_access"": false, ""view"": ""land"", ""balcony"": false, ""terrace"": false, ""dormitory_bed_count"": null, ""dormitory_type"": ""not_applicable"", ""bed_type"": ""unknown"", ""bedroom_count"": null, ""bed_configuration"": [{""type"": ""double"", ""count"": null}, {""type"": ""twin"", ""count"": null}], ""connecting_room"": false, ""swim_up"": false, ""annex"": false, ""jacuzzi"": false, ""hot_tub"": false, ""occupancy"": 3, ""single_use"": false, ""bed_relation"": ""alternative""}",55.73770491803279,1,0,0,1,1,0,0,0,0,0,0,1,1,1,1,0
hotel_39766989_20260722_173629,39766989,8,10,BE LARGE LANDVIEW,BE TRENDY LANDVIEW,"{""category"": ""room"", ""room_class"": ""unknown"", ""suite_type"": ""not_applicable"", ""club_access"": false, ""view"": ""unknown"", ""balcony"": false, ""terrace"": false, ""dormitory_bed_count"": null, ""dormitory_type"": ""not_applicable"", ""bed_type"": ""unknown"", ""bedroom_count"": null, ""bed_configuration"": [], ""connecting_room"": false, ""swim_up"": false, ""annex"": false, ""jacuzzi"": false, ""hot_tub"": false, ""occupancy"": null, ""single_use"": false, ""bed_relation"": ""unknown""}","{""category"": ""room"", ""room_class"": ""unknown"", ""suite_type"": ""not_applicable"", ""club_access"": false, ""view"": ""unknown"", ""balcony"": false, ""terrace"": false, ""dormitory_bed_count"": null, ""dormitory_type"": ""not_applicable"", ""bed_type"": ""unknown"", ""bedroom_count"": null, ""bed_configuration"": [], ""connecting_room"": false, ""swim_up"": false, ""annex"": false, ""jacuzzi"": false, ""hot_tub"": false, ""occupancy"": null, ""single_use"": false, ""bed_relation"": ""unknown""}",80.0,1,0,0,0,0,0,0,0,0,0,0,1,1,1,1,0
hotel_39766989_20260722_173629,39766989,8,40,BE LARGE LANDVIEW,DOUBLE/TWIN LAND VIEW 2/3 PAX,"{""category"": ""room"", ""room_class"": ""unknown"", ""suite_type"": ""not_applicable"", ""club_access"": false, ""view"": ""unknown"", ""balcony"": false, ""terrace"": false, ""dormitory_bed_count"": null, ""dormitory_type"": ""not_applicable"", ""bed_type"": ""unknown"", ""bedroom_count"": null, ""bed_configuration"": [], ""connecting_room"": false, ""swim_up"": false, ""annex"": false, ""jacuzzi"": false, ""hot_tub"": false, ""occupancy"": null, ""single_use"": false, ""bed_relation"": ""unknown""}","{""category"": ""room"", ""room_class"": ""unknown"", ""suite_type"": ""not_applicable"", ""club_access"": false, ""view"": ""land"", ""balcony"": false, ""terrace"": false, ""dormitory_bed_count"": null, ""dormitory_type"": ""not_applicable"", ""bed_type"": ""unknown"", ""bedroom_count"": null, ""bed_configuration"": [{""type"": ""double"", ""count"": null}, {""type"": ""twin"", ""count"": null}], ""connecting_room"": false, ""swim_up"": false, ""annex"": false, ""jacuzzi"": false, ""hot_tub"": false, ""occupancy"": 3, ""single_use"": false, ""bed_relation"": ""alternative""}",47.82608695652174,1,0,0,0,0,0,0,0,0,0,0,1,1,1,1,0
hotel_39766989_20260722_173629,39766989,8,60,BE LARGE LANDVIEW,Be Trendy Room Land View,"{""category"": ""room"", ""room_class"": ""unknown"", ""suite_type"": ""not_applicable"", ""club_access"": false, ""view"": ""unknown"", ""balcony"": false, ""terrace"": false, ""dormitory_bed_count"": null, ""dormitory_type"": ""not_applicable"", ""bed_type"": ""unknown"", ""bedroom_count"": null, ""bed_configuration"": [], ""connecting_room"": false, ""swim_up"": false, ""annex"": false, ""jacuzzi"": false, ""hot_tub"": false, ""occupancy"": null, ""single_use"": false, ""bed_relation"": ""unknown""}","{""category"": ""room"", ""room_class"": ""unknown"", ""suite_type"": ""not_applicable"", ""club_access"": false, ""view"": ""land"", ""balcony"": false, ""terrace"": false, ""dormitory_bed_count"": null, ""dormitory_type"": ""not_applicable"", ""bed_type"": ""unknown"", ""bedroom_count"": null, ""bed_configuration"": [], ""connecting_room"": false, ""swim_up"": false, ""annex"": false, ""jacuzzi"": false, ""hot_tub"": false, ""occupancy"": null, ""single_use"": false, ""bed_relation"": ""unknown""}",53.65853658536585,1,0,0,0,0,0,0,0,0,0,0,1,1,1,1,0
hotel_39766989_20260722_173629,39766989,8,66,BE LARGE LANDVIEW,Standard Room Be Trendy Land View,"{""category"": ""room"", ""room_class"": ""unknown"", ""suite_type"": ""not_applicable"", ""club_access"": false, ""view"": ""unknown"", ""balcony"": false, ""terrace"": false, ""dormitory_bed_count"": null, ""dormitory_type"": ""not_applicable"", ""bed_type"": ""unknown"", ""bedroom_count"": null, ""bed_configuration"": [], ""connecting_room"": false, ""swim_up"": false, ""annex"": false, ""jacuzzi"": false, ""hot_tub"": false, ""occupancy"": null, ""single_use"": false, ""bed_relation"": ""unknown""}","{""category"": ""room"", ""room_class"": ""standard"", ""suite_type"": ""not_applicable"", ""club_access"": false, ""view"": ""land"", ""balcony"": false, ""terrace"": false, ""dormitory_bed_count"": null, ""dormitory_type"": ""not_applicable"", ""bed_type"": ""unknown"", ""bedroom_count"": null, ""bed_configuration"": [], ""connecting_room"": false, ""swim_up"": false, ""annex"": false, ""jacuzzi"": false, ""hot_tub"": false, ""occupancy"": null, ""single_use"": false, ""bed_relation"": ""unknown""}",44.0,1,0,0,0,0,0,0,0,0,0,0,1,1,1,1,0
hotel_39766989_20260722_173629,39766989,8,70,BE LARGE LANDVIEW,Standard Room Be Large Land View,"{""category"": ""room"", ""room_class"": ""unknown"", ""suite_type"": ""not_applicable"", ""club_access"": false, ""view"": ""unknown"", ""balcony"": false, ""terrace"": false, ""dormitory_bed_count"": null, ""dormitory_type"": ""not_applicable"", ""bed_type"": ""unknown"", ""bedroom_count"": null, ""bed_configuration"": [], ""connecting_room"": false, ""swim_up"": false, ""annex"": false, ""jacuzzi"": false, ""hot_tub"": false, ""occupancy"": null, ""single_use"": false, ""bed_relation"": ""unknown""}","{""category"": ""room"", ""room_class"": ""standard"", ""suite_type"": ""not_applicable"", ""club_access"": false, ""view"": ""land"", ""balcony"": false, ""terrace"": false, ""dormitory_bed_count"": null, ""dormitory_type"": ""not_applicable"", ""bed_type"": ""unknown"", ""bedroom_count"": null, ""bed_configuration"": [], ""connecting_room"": false, ""swim_up"": false, ""annex"": false, ""jacuzzi"": false, ""hot_tub"": false, ""occupancy"": null, ""single_use"": false, ""bed_relation"": ""unknown""}",69.38775510204081,1,0,0,0,0,0,0,0,0,0,0,1,1,1,1,0
hotel_39766989_20260722_173629,39766989,8,104,BE LARGE LANDVIEW,Standard Room (Land View),"{""category"": ""room"", ""room_class"": ""unknown"", ""suite_type"": ""not_applicable"", ""club_access"": false, ""view"": ""unknown"", ""balcony"": false, ""terrace"": false, ""dormitory_bed_count"": null, ""dormitory_type"": ""not_applicable"", ""bed_type"": ""unknown"", ""bedroom_count"": null, ""bed_configuration"": [], ""connecting_room"": false, ""swim_up"": false, ""annex"": false, ""jacuzzi"": false, ""hot_tub"": false, ""occupancy"": null, ""single_use"": false, ""bed_relation"": ""unknown""}","{""category"": ""room"", ""room_class"": ""standard"", ""suite_type"": ""not_applicable"", ""club_access"": false, ""view"": ""land"", ""balcony"": false, ""terrace"": false, ""dormitory_bed_count"": null, ""dormitory_type"": ""not_applicable"", ""bed_type"": ""unknown"", ""bedroom_count"": null, ""bed_configuration"": [], ""connecting_room"": false, ""swim_up"": false, ""annex"": false, ""jacuzzi"": false, ""hot_tub"": false, ""occupancy"": null, ""single_use"": false, ""bed_relation"": ""unknown""}",40.0,1,0,0,0,0,0,0,0,0,0,0,1,1,1,1,0
hotel_39766989_20260722_173629,39766989,10,40,BE TRENDY LANDVIEW,DOUBLE/TWIN LAND VIEW 2/3 PAX,"{""category"": ""room"", ""room_class"": ""unknown"", ""suite_type"": ""not_applicable"", ""club_access"": false, ""view"": ""unknown"", ""balcony"": false, ""terrace"": false, ""dormitory_bed_count"": null, ""dormitory_type"": ""not_applicable"", ""bed_type"": ""unknown"", ""bedroom_count"": null, ""bed_configuration"": [], ""connecting_room"": false, ""swim_up"": false, ""annex"": false, ""jacuzzi"": false, ""hot_tub"": false, ""occupancy"": null, ""single_use"": false, ""bed_relation"": ""unknown""}","{""category"": ""room"", ""room_class"": ""unknown"", ""suite_type"": ""not_applicable"", ""club_access"": false, ""view"": ""land"", ""balcony"": false, ""terrace"": false, ""dormitory_bed_count"": null, ""dormitory_type"": ""not_applicable"", ""bed_type"": ""unknown"", ""bedroom_count"": null, ""bed_configuration"": [{""type"": ""double"", ""count"": null}, {""type"": ""twin"", ""count"": null}], ""connecting_room"": false, ""swim_up"": false, ""annex"": false, ""jacuzzi"": false, ""hot_tub"": false, ""occupancy"": 3, ""single_use"": false, ""bed_relation"": ""alternative""}",46.80851063829788,1,0,0,0,0,0,0,0,0,0,0,1,1,1,1,0
hotel_39766989_20260722_173629,39766989,10,62,BE TRENDY LANDVIEW,Be Large Room Land View,"{""category"": ""room"", ""room_class"": ""unknown"", ""suite_type"": ""not_applicable"", ""club_access"": false, ""view"": ""unknown"", ""balcony"": false, ""terrace"": false, ""dormitory_bed_count"": null, ""dormitory_type"": ""not_applicable"", ""bed_type"": ""unknown"", ""bedroom_count"": null, ""bed_configuration"": [], ""connecting_room"": false, ""swim_up"": false, ""annex"": false, ""jacuzzi"": false, ""hot_tub"": false, ""occupancy"": null, ""single_use"": false, ""bed_relation"": ""unknown""}","{""category"": ""room"", ""room_class"": ""unknown"", ""suite_type"": ""not_applicable"", ""club_access"": false, ""view"": ""land"", ""balcony"": false, ""terrace"": false, ""dormitory_bed_count"": null, ""dormitory_type"": ""not_applicable"", ""bed_type"": ""unknown"", ""bedroom_count"": null, ""bed_configuration"": [], ""connecting_room"": false, ""swim_up"": false, ""annex"": false, ""jacuzzi"": false, ""hot_tub"": false, ""occupancy"": null, ""single_use"": false, ""bed_relation"": ""unknown""}",53.65853658536585,1,0,0,0,0,0,0,0,0,0,0,1,1,1,1,0
hotel_39766989_20260722_173629,39766989,10,66,BE TRENDY LANDVIEW,Standard Room Be Trendy Land View,"{""category"": ""room"", ""room_class"": ""unknown"", ""suite_type"": ""not_applicable"", ""club_access"": false, ""view"": ""unknown"", ""balcony"": false, ""terrace"": false, ""dormitory_bed_count"": null, ""dormitory_type"": ""not_applicable"", ""bed_type"": ""unknown"", ""bedroom_count"": null, ""bed_configuration"": [], ""connecting_room"": false, ""swim_up"": false, ""annex"": false, ""jacuzzi"": false, ""hot_tub"": false, ""occupancy"": null, ""single_use"": false, ""bed_relation"": ""unknown""}","{""category"": ""room"", ""room_class"": ""standard"", ""suite_type"": ""not_applicable"", ""club_access"": false, ""view"": ""land"", ""balcony"": false, ""terrace"": false, ""dormitory_bed_count"": null, ""dormitory_type"": ""not_applicable"", ""bed_type"": ""unknown"", ""bedroom_count"": null, ""bed_configuration"": [], ""connecting_room"": false, ""swim_up"": false, ""annex"": false, ""jacuzzi"": false, ""hot_tub"": false, ""occupancy"": null, ""single_use"": false, ""bed_relation"": ""unknown""}",70.58823529411765,1,0,0,0,0,0,0,0,0,0,0,1,1,1,1,0
hotel_39766989_20260722_173629,39766989,10,70,BE TRENDY LANDVIEW,Standard Room Be Large Land View,"{""category"": ""room"", ""room_class"": ""unknown"", ""suite_type"": ""not_applicable"", ""club_access"": false, ""view"": ""unknown"", ""balcony"": false, ""terrace"": false, ""dormitory_bed_count"": null, ""dormitory_type"": ""not_applicable"", ""bed_type"": ""unknown"", ""bedroom_count"": null, ""bed_configuration"": [], ""connecting_room"": false, ""swim_up"": false, ""annex"": false, ""jacuzzi"": false, ""hot_tub"": false, ""occupancy"": null, ""single_use"": false, ""bed_relation"": ""unknown""}","{""category"": ""room"", ""room_class"": ""standard"", ""suite_type"": ""not_applicable"", ""club_access"": false, ""view"": ""land"", ""balcony"": false, ""terrace"": false, ""dormitory_bed_count"": null, ""dormitory_type"": ""not_applicable"", ""bed_type"": ""unknown"", ""bedroom_count"": null, ""bed_configuration"": [], ""connecting_room"": false, ""swim_up"": false, ""annex"": false, ""jacuzzi"": false, ""hot_tub"": false, ""occupancy"": null, ""single_use"": false, ""bed_relation"": ""unknown""}",48.0,1,0,0,0,0,0,0,0,0,0,0,1,1,1,1,0
hotel_39766989_20260722_173629,39766989,10,104,BE TRENDY LANDVIEW,Standard Room (Land View),"{""category"": ""room"", ""room_class"": ""unknown"", ""suite_type"": ""not_applicable"", ""club_access"": false, ""view"": ""unknown"", ""balcony"": false, ""terrace"": false, ""dormitory_bed_count"": null, ""dormitory_type"": ""not_applicable"", ""bed_type"": ""unknown"", ""bedroom_count"": null, ""bed_configuration"": [], ""connecting_room"": false, ""swim_up"": false, ""annex"": false, ""jacuzzi"": false, ""hot_tub"": false, ""occupancy"": null, ""single_use"": false, ""bed_relation"": ""unknown""}","{""category"": ""room"", ""room_class"": ""standard"", ""suite_type"": ""not_applicable"", ""club_access"": false, ""view"": ""land"", ""balcony"": false, ""terrace"": false, ""dormitory_bed_count"": null, ""dormitory_type"": ""not_applicable"", ""bed_type"": ""unknown"", ""bedroom_count"": null, ""bed_configuration"": [], ""connecting_room"": false, ""swim_up"": false, ""annex"": false, ""jacuzzi"": false, ""hot_tub"": false, ""occupancy"": null, ""single_use"": false, ""bed_relation"": ""unknown""}",39.02439024390244,1,0,0,0,0,0,0,0,0,0,0,1,1,1,1,0
hotel_39766989_20260722_173629,39766989,40,60,DOUBLE/TWIN LAND VIEW 2/3 PAX,Be Trendy Room Land View,"{""category"": ""room"", ""room_class"": ""unknown"", ""suite_type"": ""not_applicable"", ""club_access"": false, ""view"": ""land"", ""balcony"": false, ""terrace"": false, ""dormitory_bed_count"": null, ""dormitory_type"": ""not_applicable"", ""bed_type"": ""unknown"", ""bedroom_count"": null, ""bed_configuration"": [{""type"": ""double"", ""count"": null}, {""type"": ""twin"", ""count"": null}], ""connecting_room"": false, ""swim_up"": false, ""annex"": false, ""jacuzzi"": false, ""hot_tub"": false, ""occupancy"": 3, ""single_use"": false, ""bed_relation"": ""alternative""}","{""category"": ""room"", ""room_class"": ""unknown"", ""suite_type"": ""not_applicable"", ""club_access"": false, ""view"": ""land"", ""balcony"": false, ""terrace"": false, ""dormitory_bed_count"": null, ""dormitory_type"": ""not_applicable"", ""bed_type"": ""unknown"", ""bedroom_count"": null, ""bed_configuration"": [], ""connecting_room"": false, ""swim_up"": false, ""annex"": false, ""jacuzzi"": false, ""hot_tub"": false, ""occupancy"": null, ""single_use"": false, ""bed_relation"": ""unknown""}",60.37735849056604,1,0,0,1,1,0,0,0,0,0,0,1,1,1,1,0
hotel_39766989_20260722_173629,39766989,40,62,DOUBLE/TWIN LAND VIEW 2/3 PAX,Be Large Room Land View,"{""category"": ""room"", ""room_class"": ""unknown"", ""suite_type"": ""not_applicable"", ""club_access"": false, ""view"": ""land"", ""balcony"": false, ""terrace"": false, ""dormitory_bed_count"": null, ""dormitory_type"": ""not_applicable"", ""bed_type"": ""unknown"", ""bedroom_count"": null, ""bed_configuration"": [{""type"": ""double"", ""count"": null}, {""type"": ""twin"", ""count"": null}], ""connecting_room"": false, ""swim_up"": false, ""annex"": false, ""jacuzzi"": false, ""hot_tub"": false, ""occupancy"": 3, ""single_use"": false, ""bed_relation"": ""alternative""}","{""category"": ""room"", ""room_class"": ""unknown"", ""suite_type"": ""not_applicable"", ""club_access"": false, ""view"": ""land"", ""balcony"": false, ""terrace"": false, ""dormitory_bed_count"": null, ""dormitory_type"": ""not_applicable"", ""bed_type"": ""unknown"", ""bedroom_count"": null, ""bed_configuration"": [], ""connecting_room"": false, ""swim_up"": false, ""annex"": false, ""jacuzzi"": false, ""hot_tub"": false, ""occupancy"": null, ""single_use"": false, ""bed_relation"": ""unknown""}",57.69230769230769,1,0,0,1,1,0,0,0,0,0,0,1,1,1,1,0
hotel_39766989_20260722_173629,39766989,40,66,DOUBLE/TWIN LAND VIEW 2/3 PAX,Standard Room Be Trendy Land View,"{""category"": ""room"", ""room_class"": ""unknown"", ""suite_type"": ""not_applicable"", ""club_access"": false, ""view"": ""land"", ""balcony"": false, ""terrace"": false, ""dormitory_bed_count"": null, ""dormitory_type"": ""not_applicable"", ""bed_type"": ""unknown"", ""bedroom_count"": null, ""bed_configuration"": [{""type"": ""double"", ""count"": null}, {""type"": ""twin"", ""count"": null}], ""connecting_room"": false, ""swim_up"": false, ""annex"": false, ""jacuzzi"": false, ""hot_tub"": false, ""occupancy"": 3, ""single_use"": false, ""bed_relation"": ""alternative""}","{""category"": ""room"", ""room_class"": ""standard"", ""suite_type"": ""not_applicable"", ""club_access"": false, ""view"": ""land"", ""balcony"": false, ""terrace"": false, ""dormitory_bed_count"": null, ""dormitory_type"": ""not_applicable"", ""bed_type"": ""unknown"", ""bedroom_count"": null, ""bed_configuration"": [], ""connecting_room"": false, ""swim_up"": false, ""annex"": false, ""jacuzzi"": false, ""hot_tub"": false, ""occupancy"": null, ""single_use"": false, ""bed_relation"": ""unknown""}",54.83870967741935,1,0,0,1,1,0,0,0,0,0,0,1,1,1,1,0
hotel_39766989_20260722_173629,39766989,40,70,DOUBLE/TWIN LAND VIEW 2/3 PAX,Standard Room Be Large Land View,"{""category"": ""room"", ""room_class"": ""unknown"", ""suite_type"": ""not_applicable"", ""club_access"": false, ""view"": ""land"", ""balcony"": false, ""terrace"": false, ""dormitory_bed_count"": null, ""dormitory_type"": ""not_applicable"", ""bed_type"": ""unknown"", ""bedroom_count"": null, ""bed_configuration"": [{""type"": ""double"", ""count"": null}, {""type"": ""twin"", ""count"": null}], ""connecting_room"": false, ""swim_up"": false, ""annex"": false, ""jacuzzi"": false, ""hot_tub"": false, ""occupancy"": 3, ""single_use"": false, ""bed_relation"": ""alternative""}","{""category"": ""room"", ""room_class"": ""standard"", ""suite_type"": ""not_applicable"", ""club_access"": false, ""view"": ""land"", ""balcony"": false, ""terrace"": false, ""dormitory_bed_count"": null, ""dormitory_type"": ""not_applicable"", ""bed_type"": ""unknown"", ""bedroom_count"": null, ""bed_configuration"": [], ""connecting_room"": false, ""swim_up"": false, ""annex"": false, ""jacuzzi"": false, ""hot_tub"": false, ""occupancy"": null, ""single_use"": false, ""bed_relation"": ""unknown""}",55.73770491803279,1,0,0,1,1,0,0,0,0,0,0,1,1,1,1,0
hotel_39766989_20260722_173629,39766989,40,104,DOUBLE/TWIN LAND VIEW 2/3 PAX,Standard Room (Land View),"{""category"": ""room"", ""room_class"": ""unknown"", ""suite_type"": ""not_applicable"", ""club_access"": false, ""view"": ""land"", ""balcony"": false, ""terrace"": false, ""dormitory_bed_count"": null, ""dormitory_type"": ""not_applicable"", ""bed_type"": ""unknown"", ""bedroom_count"": null, ""bed_configuration"": [{""type"": ""double"", ""count"": null}, {""type"": ""twin"", ""count"": null}], ""connecting_room"": false, ""swim_up"": false, ""annex"": false, ""jacuzzi"": false, ""hot_tub"": false, ""occupancy"": 3, ""single_use"": false, ""bed_relation"": ""alternative""}","{""category"": ""room"", ""room_class"": ""standard"", ""suite_type"": ""not_applicable"", ""club_access"": false, ""view"": ""land"", ""balcony"": false, ""terrace"": false, ""dormitory_bed_count"": null, ""dormitory_type"": ""not_applicable"", ""bed_type"": ""unknown"", ""bedroom_count"": null, ""bed_configuration"": [], ""connecting_room"": false, ""swim_up"": false, ""annex"": false, ""jacuzzi"": false, ""hot_tub"": false, ""occupancy"": null, ""single_use"": false, ""bed_relation"": ""unknown""}",56.25,1,0,0,1,1,0,0,0,0,0,0,1,1,1,1,0
hotel_39766989_20260722_173629,39766989,60,104,Be Trendy Room Land View,Standard Room (Land View),"{""category"": ""room"", ""room_class"": ""unknown"", ""suite_type"": ""not_applicable"", ""club_access"": false, ""view"": ""land"", ""balcony"": false, ""terrace"": false, ""dormitory_bed_count"": null, ""dormitory_type"": ""not_applicable"", ""bed_type"": ""unknown"", ""bedroom_count"": null, ""bed_configuration"": [], ""connecting_room"": false, ""swim_up"": false, ""annex"": false, ""jacuzzi"": false, ""hot_tub"": false, ""occupancy"": null, ""single_use"": false, ""bed_relation"": ""unknown""}","{""category"": ""room"", ""room_class"": ""standard"", ""suite_type"": ""not_applicable"", ""club_access"": false, ""view"": ""land"", ""balcony"": false, ""terrace"": false, ""dormitory_bed_count"": null, ""dormitory_type"": ""not_applicable"", ""bed_type"": ""unknown"", ""bedroom_count"": null, ""bed_configuration"": [], ""connecting_room"": false, ""swim_up"": false, ""annex"": false, ""jacuzzi"": false, ""hot_tub"": false, ""occupancy"": null, ""single_use"": false, ""bed_relation"": ""unknown""}",76.59574468085106,1,0,0,1,1,0,0,0,0,0,0,1,1,1,1,0
hotel_39766989_20260722_173629,39766989,62,104,Be Large Room Land View,Standard Room (Land View),"{""category"": ""room"", ""room_class"": ""unknown"", ""suite_type"": ""not_applicable"", ""club_access"": false, ""view"": ""land"", ""balcony"": false, ""terrace"": false, ""dormitory_bed_count"": null, ""dormitory_type"": ""not_applicable"", ""bed_type"": ""unknown"", ""bedroom_count"": null, ""bed_configuration"": [], ""connecting_room"": false, ""swim_up"": false, ""annex"": false, ""jacuzzi"": false, ""hot_tub"": false, ""occupancy"": null, ""single_use"": false, ""bed_relation"": ""unknown""}","{""category"": ""room"", ""room_class"": ""standard"", ""suite_type"": ""not_applicable"", ""club_access"": false, ""view"": ""land"", ""balcony"": false, ""terrace"": false, ""dormitory_bed_count"": null, ""dormitory_type"": ""not_applicable"", ""bed_type"": ""unknown"", ""bedroom_count"": null, ""bed_configuration"": [], ""connecting_room"": false, ""swim_up"": false, ""annex"": false, ""jacuzzi"": false, ""hot_tub"": false, ""occupancy"": null, ""single_use"": false, ""bed_relation"": ""unknown""}",75.67567567567568,1,0,0,1,1,0,0,0,0,0,0,1,1,1,1,0
hotel_39766989_20260722_173629,39766989,21,85,"FAMILY, SIDE SEA VIEW",Be Family A Side Seaview Room,"{""category"": ""family"", ""room_class"": ""unknown"", ""suite_type"": ""not_applicable"", ""club_access"": false, ""view"": ""partial_sea"", ""balcony"": false, ""terrace"": false, ""dormitory_bed_count"": null, ""dormitory_type"": ""not_applicable"", ""bed_type"": ""unknown"", ""bedroom_count"": null, ""bed_configuration"": [], ""connecting_room"": false, ""swim_up"": false, ""annex"": false, ""jacuzzi"": false, ""hot_tub"": false, ""occupancy"": null, ""single_use"": false, ""bed_relation"": ""unknown""}","{""category"": ""family"", ""room_class"": ""unknown"", ""suite_type"": ""not_applicable"", ""club_access"": false, ""view"": ""partial_sea"", ""balcony"": false, ""terrace"": false, ""dormitory_bed_count"": null, ""dormitory_type"": ""not_applicable"", ""bed_type"": ""unknown"", ""bedroom_count"": null, ""bed_configuration"": [], ""connecting_room"": false, ""swim_up"": false, ""annex"": false, ""jacuzzi"": false, ""hot_tub"": false, ""occupancy"": null, ""single_use"": false, ""bed_relation"": ""unknown""}",77.55102040816327,1,0,0,1,1,0,0,0,0,0,0,1,1,1,1,0
hotel_39766989_20260722_173629,39766989,7,33,LARGE ROOM (2AD),STANDARD DOUBLE ROOM,"{""category"": ""room"", ""room_class"": ""unknown"", ""suite_type"": ""not_applicable"", ""club_access"": false, ""view"": ""unknown"", ""balcony"": false, ""terrace"": false, ""dormitory_bed_count"": null, ""dormitory_type"": ""not_applicable"", ""bed_type"": ""unknown"", ""bedroom_count"": null, ""bed_configuration"": [], ""connecting_room"": false, ""swim_up"": false, ""annex"": false, ""jacuzzi"": false, ""hot_tub"": false, ""occupancy"": null, ""single_use"": false, ""bed_relation"": ""unknown""}","{""category"": ""room"", ""room_class"": ""standard"", ""suite_type"": ""not_applicable"", ""club_access"": false, ""view"": ""unknown"", ""balcony"": false, ""terrace"": false, ""dormitory_bed_count"": null, ""dormitory_type"": ""not_applicable"", ""bed_type"": ""unknown"", ""bedroom_count"": null, ""bed_configuration"": [{""type"": ""double"", ""count"": null}], ""connecting_room"": false, ""swim_up"": false, ""annex"": false, ""jacuzzi"": false, ""hot_tub"": false, ""occupancy"": 2, ""single_use"": false, ""bed_relation"": ""unknown""}",57.142857142857146,1,0,0,0,0,0,0,0,0,0,0,1,1,1,1,0
hotel_39766989_20260722_173629,39766989,7,64,LARGE ROOM (2AD),Be Trendy Double Room,"{""category"": ""room"", ""room_class"": ""unknown"", ""suite_type"": ""not_applicable"", ""club_access"": false, ""view"": ""unknown"", ""balcony"": false, ""terrace"": false, ""dormitory_bed_count"": null, ""dormitory_type"": ""not_applicable"", ""bed_type"": ""unknown"", ""bedroom_count"": null, ""bed_configuration"": [], ""connecting_room"": false, ""swim_up"": false, ""annex"": false, ""jacuzzi"": false, ""hot_tub"": false, ""occupancy"": null, ""single_use"": false, ""bed_relation"": ""unknown""}","{""category"": ""room"", ""room_class"": ""unknown"", ""suite_type"": ""not_applicable"", ""club_access"": false, ""view"": ""unknown"", ""balcony"": false, ""terrace"": false, ""dormitory_bed_count"": null, ""dormitory_type"": ""not_applicable"", ""bed_type"": ""unknown"", ""bedroom_count"": null, ""bed_configuration"": [{""type"": ""double"", ""count"": null}], ""connecting_room"": false, ""swim_up"": false, ""annex"": false, ""jacuzzi"": false, ""hot_tub"": false, ""occupancy"": 2, ""single_use"": false, ""bed_relation"": ""unknown""}",57.142857142857146,1,0,0,0,0,0,0,0,0,0,0,1,1,1,1,0
hotel_39766989_20260722_173629,39766989,19,41,BE LARGE LANDVIEW DOUBLE ROOM,DOUBLE STANDARD LAND VIEW (2AD),"{""category"": ""room"", ""room_class"": ""unknown"", ""suite_type"": ""not_applicable"", ""club_access"": false, ""view"": ""unknown"", ""balcony"": false, ""terrace"": false, ""dormitory_bed_count"": null, ""dormitory_type"": ""not_applicable"", ""bed_type"": ""unknown"", ""bedroom_count"": null, ""bed_configuration"": [{""type"": ""double"", ""count"": null}], ""connecting_room"": false, ""swim_up"": false, ""annex"": false, ""jacuzzi"": false, ""hot_tub"": false, ""occupancy"": 2, ""single_use"": false, ""bed_relation"": ""unknown""}","{""category"": ""room"", ""room_class"": ""standard"", ""suite_type"": ""not_applicable"", ""club_access"": false, ""view"": ""land"", ""balcony"": false, ""terrace"": false, ""dormitory_bed_count"": null, ""dormitory_type"": ""not_applicable"", ""bed_type"": ""unknown"", ""bedroom_count"": null, ""bed_configuration"": [{""type"": ""double"", ""count"": null}], ""connecting_room"": false, ""swim_up"": false, ""annex"": false, ""jacuzzi"": false, ""hot_tub"": false, ""occupancy"": 2, ""single_use"": false, ""bed_relation"": ""unknown""}",55.55555555555556,1,0,0,0,0,0,0,1,1,1,1,1,1,1,1,0
hotel_39766989_20260722_173629,39766989,19,92,BE LARGE LANDVIEW DOUBLE ROOM,DOUBLE LAND VIEW,"{""category"": ""room"", ""room_class"": ""unknown"", ""suite_type"": ""not_applicable"", ""club_access"": false, ""view"": ""unknown"", ""balcony"": false, ""terrace"": false, ""dormitory_bed_count"": null, ""dormitory_type"": ""not_applicable"", ""bed_type"": ""unknown"", ""bedroom_count"": null, ""bed_configuration"": [{""type"": ""double"", ""count"": null}], ""connecting_room"": false, ""swim_up"": false, ""annex"": false, ""jacuzzi"": false, ""hot_tub"": false, ""occupancy"": 2, ""single_use"": false, ""bed_relation"": ""unknown""}","{""category"": ""room"", ""room_class"": ""unknown"", ""suite_type"": ""not_applicable"", ""club_access"": false, ""view"": ""land"", ""balcony"": false, ""terrace"": false, ""dormitory_bed_count"": null, ""dormitory_type"": ""not_applicable"", ""bed_type"": ""unknown"", ""bedroom_count"": null, ""bed_configuration"": [{""type"": ""double"", ""count"": null}], ""connecting_room"": false, ""swim_up"": false, ""annex"": false, ""jacuzzi"": false, ""hot_tub"": false, ""occupancy"": 2, ""single_use"": false, ""bed_relation"": ""unknown""}",66.66666666666666,1,0,0,0,0,0,0,1,1,1,1,1,1,1,1,0
hotel_39766989_20260722_173629,39766989,19,97,BE LARGE LANDVIEW DOUBLE ROOM,Standard Double Room (Land View),"{""category"": ""room"", ""room_class"": ""unknown"", ""suite_type"": ""not_applicable"", ""club_access"": false, ""view"": ""unknown"", ""balcony"": false, ""terrace"": false, ""dormitory_bed_count"": null, ""dormitory_type"": ""not_applicable"", ""bed_type"": ""unknown"", ""bedroom_count"": null, ""bed_configuration"": [{""type"": ""double"", ""count"": null}], ""connecting_room"": false, ""swim_up"": false, ""annex"": false, ""jacuzzi"": false, ""hot_tub"": false, ""occupancy"": 2, ""single_use"": false, ""bed_relation"": ""unknown""}","{""category"": ""room"", ""room_class"": ""standard"", ""suite_type"": ""not_applicable"", ""club_access"": false, ""view"": ""land"", ""balcony"": false, ""terrace"": false, ""dormitory_bed_count"": null, ""dormitory_type"": ""not_applicable"", ""bed_type"": ""unknown"", ""bedroom_count"": null, ""bed_configuration"": [{""type"": ""double"", ""count"": null}], ""connecting_room"": false, ""swim_up"": false, ""annex"": false, ""jacuzzi"": false, ""hot_tub"": false, ""occupancy"": 2, ""single_use"": false, ""bed_relation"": ""unknown""}",67.79661016949152,1,0,0,0,0,0,0,1,1,1,1,1,1,1,1,0
hotel_39766989_20260722_173629,39766989,20,24,BE TRENDY LANDVIEW DOUBLE ROOM,DOUBLE ROOM - LARGE - LAND VIEW,"{""category"": ""room"", ""room_class"": ""unknown"", ""suite_type"": ""not_applicable"", ""club_access"": false, ""view"": ""unknown"", ""balcony"": false, ""terrace"": false, ""dormitory_bed_count"": null, ""dormitory_type"": ""not_applicable"", ""bed_type"": ""unknown"", ""bedroom_count"": null, ""bed_configuration"": [{""type"": ""double"", ""count"": null}], ""connecting_room"": false, ""swim_up"": false, ""annex"": false, ""jacuzzi"": false, ""hot_tub"": false, ""occupancy"": 2, ""single_use"": false, ""bed_relation"": ""unknown""}","{""category"": ""room"", ""room_class"": ""unknown"", ""suite_type"": ""not_applicable"", ""club_access"": false, ""view"": ""land"", ""balcony"": false, ""terrace"": false, ""dormitory_bed_count"": null, ""dormitory_type"": ""not_applicable"", ""bed_type"": ""unknown"", ""bedroom_count"": null, ""bed_configuration"": [{""type"": ""double"", ""count"": null}], ""connecting_room"": false, ""swim_up"": false, ""annex"": false, ""jacuzzi"": false, ""hot_tub"": false, ""occupancy"": 2, ""single_use"": false, ""bed_relation"": ""unknown""}",70.17543859649123,1,0,0,0,0,0,0,1,1,1,1,1,1,1,1,0
hotel_39766989_20260722_173629,39766989,20,41,BE TRENDY LANDVIEW DOUBLE ROOM,DOUBLE STANDARD LAND VIEW (2AD),"{""category"": ""room"", ""room_class"": ""unknown"", ""suite_type"": ""not_applicable"", ""club_access"": false, ""view"": ""unknown"", ""balcony"": false, ""terrace"": false, ""dormitory_bed_count"": null, ""dormitory_type"": ""not_applicable"", ""bed_type"": ""unknown"", ""bedroom_count"": null, ""bed_configuration"": [{""type"": ""double"", ""count"": null}], ""connecting_room"": false, ""swim_up"": false, ""annex"": false, ""jacuzzi"": false, ""hot_tub"": false, ""occupancy"": 2, ""single_use"": false, ""bed_relation"": ""unknown""}","{""category"": ""room"", ""room_class"": ""standard"", ""suite_type"": ""not_applicable"", ""club_access"": false, ""view"": ""land"", ""balcony"": false, ""terrace"": false, ""dormitory_bed_count"": null, ""dormitory_type"": ""not_applicable"", ""bed_type"": ""unknown"", ""bedroom_count"": null, ""bed_configuration"": [{""type"": ""double"", ""count"": null}], ""connecting_room"": false, ""swim_up"": false, ""annex"": false, ""jacuzzi"": false, ""hot_tub"": false, ""occupancy"": 2, ""single_use"": false, ""bed_relation"": ""unknown""}",54.54545454545455,1,0,0,0,0,0,0,1,1,1,1,1,1,1,1,0
hotel_39766989_20260722_173629,39766989,20,92,BE TRENDY LANDVIEW DOUBLE ROOM,DOUBLE LAND VIEW,"{""category"": ""room"", ""room_class"": ""unknown"", ""suite_type"": ""not_applicable"", ""club_access"": false, ""view"": ""unknown"", ""balcony"": false, ""terrace"": false, ""dormitory_bed_count"": null, ""dormitory_type"": ""not_applicable"", ""bed_type"": ""unknown"", ""bedroom_count"": null, ""bed_configuration"": [{""type"": ""double"", ""count"": null}], ""connecting_room"": false, ""swim_up"": false, ""annex"": false, ""jacuzzi"": false, ""hot_tub"": false, ""occupancy"": 2, ""single_use"": false, ""bed_relation"": ""unknown""}","{""category"": ""room"", ""room_class"": ""unknown"", ""suite_type"": ""not_applicable"", ""club_access"": false, ""view"": ""land"", ""balcony"": false, ""terrace"": false, ""dormitory_bed_count"": null, ""dormitory_type"": ""not_applicable"", ""bed_type"": ""unknown"", ""bedroom_count"": null, ""bed_configuration"": [{""type"": ""double"", ""count"": null}], ""connecting_room"": false, ""swim_up"": false, ""annex"": false, ""jacuzzi"": false, ""hot_tub"": false, ""occupancy"": 2, ""single_use"": false, ""bed_relation"": ""unknown""}",65.21739130434783,1,0,0,0,0,0,0,1,1,1,1,1,1,1,1,0
hotel_39766989_20260722_173629,39766989,20,97,BE TRENDY LANDVIEW DOUBLE ROOM,Standard Double Room (Land View),"{""category"": ""room"", ""room_class"": ""unknown"", ""suite_type"": ""not_applicable"", ""club_access"": false, ""view"": ""unknown"", ""balcony"": false, ""terrace"": false, ""dormitory_bed_count"": null, ""dormitory_type"": ""not_applicable"", ""bed_type"": ""unknown"", ""bedroom_count"": null, ""bed_configuration"": [{""type"": ""double"", ""count"": null}], ""connecting_room"": false, ""swim_up"": false, ""annex"": false, ""jacuzzi"": false, ""hot_tub"": false, ""occupancy"": 2, ""single_use"": false, ""bed_relation"": ""unknown""}","{""category"": ""room"", ""room_class"": ""standard"", ""suite_type"": ""not_applicable"", ""club_access"": false, ""view"": ""land"", ""balcony"": false, ""terrace"": false, ""dormitory_bed_count"": null, ""dormitory_type"": ""not_applicable"", ""bed_type"": ""unknown"", ""bedroom_count"": null, ""bed_configuration"": [{""type"": ""double"", ""count"": null}], ""connecting_room"": false, ""swim_up"": false, ""annex"": false, ""jacuzzi"": false, ""hot_tub"": false, ""occupancy"": 2, ""single_use"": false, ""bed_relation"": ""unknown""}",66.66666666666666,1,0,0,0,0,0,0,1,1,1,1,1,1,1,1,0
hotel_39766989_20260722_173629,39766989,63,101,Standard Room,Large Room,"{""category"": ""room"", ""room_class"": ""standard"", ""suite_type"": ""not_applicable"", ""club_access"": false, ""view"": ""unknown"", ""balcony"": false, ""terrace"": false, ""dormitory_bed_count"": null, ""dormitory_type"": ""not_applicable"", ""bed_type"": ""unknown"", ""bedroom_count"": null, ""bed_configuration"": [], ""connecting_room"": false, ""swim_up"": false, ""annex"": false, ""jacuzzi"": false, ""hot_tub"": false, ""occupancy"": null, ""single_use"": false, ""bed_relation"": ""unknown""}","{""category"": ""room"", ""room_class"": ""unknown"", ""suite_type"": ""not_applicable"", ""club_access"": false, ""view"": ""unknown"", ""balcony"": false, ""terrace"": false, ""dormitory_bed_count"": null, ""dormitory_type"": ""not_applicable"", ""bed_type"": ""unknown"", ""bedroom_count"": null, ""bed_configuration"": [], ""connecting_room"": false, ""swim_up"": false, ""annex"": false, ""jacuzzi"": false, ""hot_tub"": false, ""occupancy"": null, ""single_use"": false, ""bed_relation"": ""unknown""}",60.869565217391305,1,0,0,0,0,0,0,0,0,0,0,1,1,1,1,0
hotel_39766989_20260722_173629,39766989,35,59,STANDARD SUITE,be suit,"{""category"": ""suite"", ""room_class"": ""standard"", ""suite_type"": ""standard"", ""club_access"": false, ""view"": ""unknown"", ""balcony"": false, ""terrace"": false, ""dormitory_bed_count"": null, ""dormitory_type"": ""not_applicable"", ""bed_type"": ""unknown"", ""bedroom_count"": null, ""bed_configuration"": [], ""connecting_room"": false, ""swim_up"": false, ""annex"": false, ""jacuzzi"": false, ""hot_tub"": false, ""occupancy"": null, ""single_use"": false, ""bed_relation"": ""unknown""}","{""category"": ""room"", ""room_class"": ""unknown"", ""suite_type"": ""not_applicable"", ""club_access"": false, ""view"": ""unknown"", ""balcony"": false, ""terrace"": false, ""dormitory_bed_count"": null, ""dormitory_type"": ""not_applicable"", ""bed_type"": ""unknown"", ""bedroom_count"": null, ""bed_configuration"": [], ""connecting_room"": false, ""swim_up"": false, ""annex"": false, ""jacuzzi"": false, ""hot_tub"": false, ""occupancy"": null, ""single_use"": false, ""bed_relation"": ""unknown""}",47.61904761904762,0,0,0,0,0,0,0,0,0,0,0,1,1,1,1,0
hotel_39766989_20260722_173629,39766989,36,59,SUITE,be suit,"{""category"": ""suite"", ""room_class"": ""unknown"", ""suite_type"": ""standard"", ""club_access"": false, ""view"": ""unknown"", ""balcony"": false, ""terrace"": false, ""dormitory_bed_count"": null, ""dormitory_type"": ""not_applicable"", ""bed_type"": ""unknown"", ""bedroom_count"": null, ""bed_configuration"": [], ""connecting_room"": false, ""swim_up"": false, ""annex"": false, ""jacuzzi"": false, ""hot_tub"": false, ""occupancy"": null, ""single_use"": false, ""bed_relation"": ""unknown""}","{""category"": ""room"", ""room_class"": ""unknown"", ""suite_type"": ""not_applicable"", ""club_access"": false, ""view"": ""unknown"", ""balcony"": false, ""terrace"": false, ""dormitory_bed_count"": null, ""dormitory_type"": ""not_applicable"", ""bed_type"": ""unknown"", ""bedroom_count"": null, ""bed_configuration"": [], ""connecting_room"": false, ""swim_up"": false, ""annex"": false, ""jacuzzi"": false, ""hot_tub"": false, ""occupancy"": null, ""single_use"": false, ""bed_relation"": ""unknown""}",66.66666666666666,0,0,0,0,0,0,0,0,0,0,0,1,1,1,1,0
hotel_39766989_20260722_173629,39766989,109,114,DOUBLE SUPERIOR,Superior Room,"{""category"": ""room"", ""room_class"": ""superior"", ""suite_type"": ""not_applicable"", ""club_access"": false, ""view"": ""unknown"", ""balcony"": false, ""terrace"": false, ""dormitory_bed_count"": null, ""dormitory_type"": ""not_applicable"", ""bed_type"": ""unknown"", ""bedroom_count"": null, ""bed_configuration"": [{""type"": ""double"", ""count"": null}], ""connecting_room"": false, ""swim_up"": false, ""annex"": false, ""jacuzzi"": false, ""hot_tub"": false, ""occupancy"": 2, ""single_use"": false, ""bed_relation"": ""unknown""}","{""category"": ""room"", ""room_class"": ""superior"", ""suite_type"": ""not_applicable"", ""club_access"": false, ""view"": ""unknown"", ""balcony"": false, ""terrace"": false, ""dormitory_bed_count"": null, ""dormitory_type"": ""not_applicable"", ""bed_type"": ""unknown"", ""bedroom_count"": null, ""bed_configuration"": [], ""connecting_room"": false, ""swim_up"": false, ""annex"": false, ""jacuzzi"": false, ""hot_tub"": false, ""occupancy"": null, ""single_use"": false, ""bed_relation"": ""unknown""}",76.19047619047619,1,1,1,0,0,0,0,0,0,0,0,1,1,1,1,0
hotel_39766989_20260722_173629,39766989,128,129,Standard Family Room,Family Room - 2 Rooms,"{""category"": ""family"", ""room_class"": ""standard"", ""suite_type"": ""not_applicable"", ""club_access"": false, ""view"": ""unknown"", ""balcony"": false, ""terrace"": false, ""dormitory_bed_count"": null, ""dormitory_type"": ""not_applicable"", ""bed_type"": ""unknown"", ""bedroom_count"": null, ""bed_configuration"": [], ""connecting_room"": false, ""swim_up"": false, ""annex"": false, ""jacuzzi"": false, ""hot_tub"": false, ""occupancy"": null, ""single_use"": false, ""bed_relation"": ""unknown""}","{""category"": ""family"", ""room_class"": ""unknown"", ""suite_type"": ""not_applicable"", ""club_access"": false, ""view"": ""unknown"", ""balcony"": false, ""terrace"": false, ""dormitory_bed_count"": null, ""dormitory_type"": ""not_applicable"", ""bed_type"": ""unknown"", ""bedroom_count"": null, ""bed_configuration"": [], ""connecting_room"": false, ""swim_up"": false, ""annex"": false, ""jacuzzi"": false, ""hot_tub"": false, ""occupancy"": null, ""single_use"": false, ""bed_relation"": ""unknown""}",73.33333333333333,1,0,0,0,0,0,0,0,0,0,0,1,1,1,1,0
hotel_39766989_20260722_173629,39766989,128,155,Standard Family Room,Be Family A (4 Adults),"{""category"": ""family"", ""room_class"": ""standard"", ""suite_type"": ""not_applicable"", ""club_access"": false, ""view"": ""unknown"", ""balcony"": false, ""terrace"": false, ""dormitory_bed_count"": null, ""dormitory_type"": ""not_applicable"", ""bed_type"": ""unknown"", ""bedroom_count"": null, ""bed_configuration"": [], ""connecting_room"": false, ""swim_up"": false, ""annex"": false, ""jacuzzi"": false, ""hot_tub"": false, ""occupancy"": null, ""single_use"": false, ""bed_relation"": ""unknown""}","{""category"": ""family"", ""room_class"": ""unknown"", ""suite_type"": ""not_applicable"", ""club_access"": false, ""view"": ""unknown"", ""balcony"": false, ""terrace"": false, ""dormitory_bed_count"": null, ""dormitory_type"": ""not_applicable"", ""bed_type"": ""unknown"", ""bedroom_count"": null, ""bed_configuration"": [], ""connecting_room"": false, ""swim_up"": false, ""annex"": false, ""jacuzzi"": false, ""hot_tub"": false, ""occupancy"": 4, ""single_use"": false, ""bed_relation"": ""unknown""}",54.54545454545455,1,0,0,0,0,0,0,0,0,0,0,1,1,1,1,0
hotel_39766989_20260722_173629,39766989,129,155,Family Room - 2 Rooms,Be Family A (4 Adults),"{""category"": ""family"", ""room_class"": ""unknown"", ""suite_type"": ""not_applicable"", ""club_access"": false, ""view"": ""unknown"", ""balcony"": false, ""terrace"": false, ""dormitory_bed_count"": null, ""dormitory_type"": ""not_applicable"", ""bed_type"": ""unknown"", ""bedroom_count"": null, ""bed_configuration"": [], ""connecting_room"": false, ""swim_up"": false, ""annex"": false, ""jacuzzi"": false, ""hot_tub"": false, ""occupancy"": null, ""single_use"": false, ""bed_relation"": ""unknown""}","{""category"": ""family"", ""room_class"": ""unknown"", ""suite_type"": ""not_applicable"", ""club_access"": false, ""view"": ""unknown"", ""balcony"": false, ""terrace"": false, ""dormitory_bed_count"": null, ""dormitory_type"": ""not_applicable"", ""bed_type"": ""unknown"", ""bedroom_count"": null, ""bed_configuration"": [], ""connecting_room"": false, ""swim_up"": false, ""annex"": false, ""jacuzzi"": false, ""hot_tub"": false, ""occupancy"": 4, ""single_use"": false, ""bed_relation"": ""unknown""}",57.142857142857146,1,0,0,0,0,0,0,0,0,0,0,1,1,1,1,0
hotel_39766989_20260722_173629,39766989,60,3,Be Trendy Room Land View,Be Romantic Superior Room Land View,"{""category"": ""room"", ""room_class"": ""unknown"", ""suite_type"": ""not_applicable"", ""club_access"": false, ""view"": ""land"", ""balcony"": false, ""terrace"": false, ""dormitory_bed_count"": null, ""dormitory_type"": ""not_applicable"", ""bed_type"": ""unknown"", ""bedroom_count"": null, ""bed_configuration"": [], ""connecting_room"": false, ""swim_up"": false, ""annex"": false, ""jacuzzi"": false, ""hot_tub"": false, ""occupancy"": null, ""single_use"": false, ""bed_relation"": ""unknown""}","{""category"": ""room"", ""room_class"": ""superior"", ""suite_type"": ""not_applicable"", ""club_access"": false, ""view"": ""land"", ""balcony"": false, ""terrace"": false, ""dormitory_bed_count"": null, ""dormitory_type"": ""not_applicable"", ""bed_type"": ""unknown"", ""bedroom_count"": null, ""bed_configuration"": [], ""connecting_room"": false, ""swim_up"": false, ""annex"": false, ""jacuzzi"": false, ""hot_tub"": false, ""occupancy"": null, ""single_use"": false, ""bed_relation"": ""unknown""}",82.92682926829268,1,0,0,1,1,0,0,0,0,0,0,1,1,0,0,1
hotel_39766989_20260722_173629,39766989,60,52,Be Trendy Room Land View,be romantic superior land view room,"{""category"": ""room"", ""room_class"": ""unknown"", ""suite_type"": ""not_applicable"", ""club_access"": false, ""view"": ""land"", ""balcony"": false, ""terrace"": false, ""dormitory_bed_count"": null, ""dormitory_type"": ""not_applicable"", ""bed_type"": ""unknown"", ""bedroom_count"": null, ""bed_configuration"": [], ""connecting_room"": false, ""swim_up"": false, ""annex"": false, ""jacuzzi"": false, ""hot_tub"": false, ""occupancy"": null, ""single_use"": false, ""bed_relation"": ""unknown""}","{""category"": ""room"", ""room_class"": ""superior"", ""suite_type"": ""not_applicable"", ""club_access"": false, ""view"": ""land"", ""balcony"": false, ""terrace"": false, ""dormitory_bed_count"": null, ""dormitory_type"": ""not_applicable"", ""bed_type"": ""unknown"", ""bedroom_count"": null, ""bed_configuration"": [], ""connecting_room"": false, ""swim_up"": false, ""annex"": false, ""jacuzzi"": false, ""hot_tub"": false, ""occupancy"": null, ""single_use"": false, ""bed_relation"": ""unknown""}",82.92682926829268,1,0,0,1,1,0,0,0,0,0,0,1,1,0,0,1
hotel_39766989_20260722_173629,39766989,60,78,Be Trendy Room Land View,Superior Room Be Romantic Land View Unit,"{""category"": ""room"", ""room_class"": ""unknown"", ""suite_type"": ""not_applicable"", ""club_access"": false, ""view"": ""land"", ""balcony"": false, ""terrace"": false, ""dormitory_bed_count"": null, ""dormitory_type"": ""not_applicable"", ""bed_type"": ""unknown"", ""bedroom_count"": null, ""bed_configuration"": [], ""connecting_room"": false, ""swim_up"": false, ""annex"": false, ""jacuzzi"": false, ""hot_tub"": false, ""occupancy"": null, ""single_use"": false, ""bed_relation"": ""unknown""}","{""category"": ""room"", ""room_class"": ""superior"", ""suite_type"": ""not_applicable"", ""club_access"": false, ""view"": ""land"", ""balcony"": false, ""terrace"": false, ""dormitory_bed_count"": null, ""dormitory_type"": ""not_applicable"", ""bed_type"": ""unknown"", ""bedroom_count"": null, ""bed_configuration"": [], ""connecting_room"": false, ""swim_up"": false, ""annex"": false, ""jacuzzi"": false, ""hot_tub"": false, ""occupancy"": null, ""single_use"": false, ""bed_relation"": ""unknown""}",82.92682926829268,1,0,0,1,1,0,0,0,0,0,0,1,1,0,0,1
hotel_39766989_20260722_173629,39766989,60,111,Be Trendy Room Land View,SUPERIOR BE ROMANTIC ROOM LAND VIEW,"{""category"": ""room"", ""room_class"": ""unknown"", ""suite_type"": ""not_applicable"", ""club_access"": false, ""view"": ""land"", ""balcony"": false, ""terrace"": false, ""dormitory_bed_count"": null, ""dormitory_type"": ""not_applicable"", ""bed_type"": ""unknown"", ""bedroom_count"": null, ""bed_configuration"": [], ""connecting_room"": false, ""swim_up"": false, ""annex"": false, ""jacuzzi"": false, ""hot_tub"": false, ""occupancy"": null, ""single_use"": false, ""bed_relation"": ""unknown""}","{""category"": ""room"", ""room_class"": ""superior"", ""suite_type"": ""not_applicable"", ""club_access"": false, ""view"": ""land"", ""balcony"": false, ""terrace"": false, ""dormitory_bed_count"": null, ""dormitory_type"": ""not_applicable"", ""bed_type"": ""unknown"", ""bedroom_count"": null, ""bed_configuration"": [], ""connecting_room"": false, ""swim_up"": false, ""annex"": false, ""jacuzzi"": false, ""hot_tub"": false, ""occupancy"": null, ""single_use"": false, ""bed_relation"": ""unknown""}",82.92682926829268,1,0,0,1,1,0,0,0,0,0,0,1,1,0,0,1
hotel_39766989_20260722_173629,39766989,62,3,Be Large Room Land View,Be Romantic Superior Room Land View,"{""category"": ""room"", ""room_class"": ""unknown"", ""suite_type"": ""not_applicable"", ""club_access"": false, ""view"": ""land"", ""balcony"": false, ""terrace"": false, ""dormitory_bed_count"": null, ""dormitory_type"": ""not_applicable"", ""bed_type"": ""unknown"", ""bedroom_count"": null, ""bed_configuration"": [], ""connecting_room"": false, ""swim_up"": false, ""annex"": false, ""jacuzzi"": false, ""hot_tub"": false, ""occupancy"": null, ""single_use"": false, ""bed_relation"": ""unknown""}","{""category"": ""room"", ""room_class"": ""superior"", ""suite_type"": ""not_applicable"", ""club_access"": false, ""view"": ""land"", ""balcony"": false, ""terrace"": false, ""dormitory_bed_count"": null, ""dormitory_type"": ""not_applicable"", ""bed_type"": ""unknown"", ""bedroom_count"": null, ""bed_configuration"": [], ""connecting_room"": false, ""swim_up"": false, ""annex"": false, ""jacuzzi"": false, ""hot_tub"": false, ""occupancy"": null, ""single_use"": false, ""bed_relation"": ""unknown""}",85.0,1,0,0,1,1,0,0,0,0,0,0,1,1,0,0,1
hotel_39766989_20260722_173629,39766989,62,52,Be Large Room Land View,be romantic superior land view room,"{""category"": ""room"", ""room_class"": ""unknown"", ""suite_type"": ""not_applicable"", ""club_access"": false, ""view"": ""land"", ""balcony"": false, ""terrace"": false, ""dormitory_bed_count"": null, ""dormitory_type"": ""not_applicable"", ""bed_type"": ""unknown"", ""bedroom_count"": null, ""bed_configuration"": [], ""connecting_room"": false, ""swim_up"": false, ""annex"": false, ""jacuzzi"": false, ""hot_tub"": false, ""occupancy"": null, ""single_use"": false, ""bed_relation"": ""unknown""}","{""category"": ""room"", ""room_class"": ""superior"", ""suite_type"": ""not_applicable"", ""club_access"": false, ""view"": ""land"", ""balcony"": false, ""terrace"": false, ""dormitory_bed_count"": null, ""dormitory_type"": ""not_applicable"", ""bed_type"": ""unknown"", ""bedroom_count"": null, ""bed_configuration"": [], ""connecting_room"": false, ""swim_up"": false, ""annex"": false, ""jacuzzi"": false, ""hot_tub"": false, ""occupancy"": null, ""single_use"": false, ""bed_relation"": ""unknown""}",85.0,1,0,0,1,1,0,0,0,0,0,0,1,1,0,0,1
hotel_39766989_20260722_173629,39766989,62,78,Be Large Room Land View,Superior Room Be Romantic Land View Unit,"{""category"": ""room"", ""room_class"": ""unknown"", ""suite_type"": ""not_applicable"", ""club_access"": false, ""view"": ""land"", ""balcony"": false, ""terrace"": false, ""dormitory_bed_count"": null, ""dormitory_type"": ""not_applicable"", ""bed_type"": ""unknown"", ""bedroom_count"": null, ""bed_configuration"": [], ""connecting_room"": false, ""swim_up"": false, ""annex"": false, ""jacuzzi"": false, ""hot_tub"": false, ""occupancy"": null, ""single_use"": false, ""bed_relation"": ""unknown""}","{""category"": ""room"", ""room_class"": ""superior"", ""suite_type"": ""not_applicable"", ""club_access"": false, ""view"": ""land"", ""balcony"": false, ""terrace"": false, ""dormitory_bed_count"": null, ""dormitory_type"": ""not_applicable"", ""bed_type"": ""unknown"", ""bedroom_count"": null, ""bed_configuration"": [], ""connecting_room"": false, ""swim_up"": false, ""annex"": false, ""jacuzzi"": false, ""hot_tub"": false, ""occupancy"": null, ""single_use"": false, ""bed_relation"": ""unknown""}",85.0,1,0,0,1,1,0,0,0,0,0,0,1,1,0,0,1
hotel_39766989_20260722_173629,39766989,62,111,Be Large Room Land View,SUPERIOR BE ROMANTIC ROOM LAND VIEW,"{""category"": ""room"", ""room_class"": ""unknown"", ""suite_type"": ""not_applicable"", ""club_access"": false, ""view"": ""land"", ""balcony"": false, ""terrace"": false, ""dormitory_bed_count"": null, ""dormitory_type"": ""not_applicable"", ""bed_type"": ""unknown"", ""bedroom_count"": null, ""bed_configuration"": [], ""connecting_room"": false, ""swim_up"": false, ""annex"": false, ""jacuzzi"": false, ""hot_tub"": false, ""occupancy"": null, ""single_use"": false, ""bed_relation"": ""unknown""}","{""category"": ""room"", ""room_class"": ""superior"", ""suite_type"": ""not_applicable"", ""club_access"": false, ""view"": ""land"", ""balcony"": false, ""terrace"": false, ""dormitory_bed_count"": null, ""dormitory_type"": ""not_applicable"", ""bed_type"": ""unknown"", ""bedroom_count"": null, ""bed_configuration"": [], ""connecting_room"": false, ""swim_up"": false, ""annex"": false, ""jacuzzi"": false, ""hot_tub"": false, ""occupancy"": null, ""single_use"": false, ""bed_relation"": ""unknown""}",85.0,1,0,0,1,1,0,0,0,0,0,0,1,1,0,0,1
hotel_39766989_20260722_173629,39766989,2,7,Be Large Standard Room Land View,LARGE ROOM (2AD),"{""category"": ""room"", ""room_class"": ""standard"", ""suite_type"": ""not_applicable"", ""club_access"": false, ""view"": ""land"", ""balcony"": false, ""terrace"": false, ""dormitory_bed_count"": null, ""dormitory_type"": ""not_applicable"", ""bed_type"": ""unknown"", ""bedroom_count"": null, ""bed_configuration"": [], ""connecting_room"": false, ""swim_up"": false, ""annex"": false, ""jacuzzi"": false, ""hot_tub"": false, ""occupancy"": null, ""single_use"": false, ""bed_relation"": ""unknown""}","{""category"": ""room"", ""room_class"": ""unknown"", ""suite_type"": ""not_applicable"", ""club_access"": false, ""view"": ""unknown"", ""balcony"": false, ""terrace"": false, ""dormitory_bed_count"": null, ""dormitory_type"": ""not_applicable"", ""bed_type"": ""unknown"", ""bedroom_count"": null, ""bed_configuration"": [], ""connecting_room"": false, ""swim_up"": false, ""annex"": false, ""jacuzzi"": false, ""hot_tub"": false, ""occupancy"": null, ""single_use"": false, ""bed_relation"": ""unknown""}",100.0,1,0,0,0,0,0,0,0,0,0,0,1,1,0,0,1
hotel_39766989_20260722_173629,39766989,62,7,Be Large Room Land View,LARGE ROOM (2AD),"{""category"": ""room"", ""room_class"": ""unknown"", ""suite_type"": ""not_applicable"", ""club_access"": false, ""view"": ""land"", ""balcony"": false, ""terrace"": false, ""dormitory_bed_count"": null, ""dormitory_type"": ""not_applicable"", ""bed_type"": ""unknown"", ""bedroom_count"": null, ""bed_configuration"": [], ""connecting_room"": false, ""swim_up"": false, ""annex"": false, ""jacuzzi"": false, ""hot_tub"": false, ""occupancy"": null, ""single_use"": false, ""bed_relation"": ""unknown""}","{""category"": ""room"", ""room_class"": ""unknown"", ""suite_type"": ""not_applicable"", ""club_access"": false, ""view"": ""unknown"", ""balcony"": false, ""terrace"": false, ""dormitory_bed_count"": null, ""dormitory_type"": ""not_applicable"", ""bed_type"": ""unknown"", ""bedroom_count"": null, ""bed_configuration"": [], ""connecting_room"": false, ""swim_up"": false, ""annex"": false, ""jacuzzi"": false, ""hot_tub"": false, ""occupancy"": null, ""single_use"": false, ""bed_relation"": ""unknown""}",100.0,1,0,0,0,0,0,0,0,0,0,0,1,1,0,0,1
hotel_39766989_20260722_173629,39766989,70,7,Standard Room Be Large Land View,LARGE ROOM (2AD),"{""category"": ""room"", ""room_class"": ""standard"", ""suite_type"": ""not_applicable"", ""club_access"": false, ""view"": ""land"", ""balcony"": false, ""terrace"": false, ""dormitory_bed_count"": null, ""dormitory_type"": ""not_applicable"", ""bed_type"": ""unknown"", ""bedroom_count"": null, ""bed_configuration"": [], ""connecting_room"": false, ""swim_up"": false, ""annex"": false, ""jacuzzi"": false, ""hot_tub"": false, ""occupancy"": null, ""single_use"": false, ""bed_relation"": ""unknown""}","{""category"": ""room"", ""room_class"": ""unknown"", ""suite_type"": ""not_applicable"", ""club_access"": false, ""view"": ""unknown"", ""balcony"": false, ""terrace"": false, ""dormitory_bed_count"": null, ""dormitory_type"": ""not_applicable"", ""bed_type"": ""unknown"", ""bedroom_count"": null, ""bed_configuration"": [], ""connecting_room"": false, ""swim_up"": false, ""annex"": false, ""jacuzzi"": false, ""hot_tub"": false, ""occupancy"": null, ""single_use"": false, ""bed_relation"": ""unknown""}",100.0,1,0,0,0,0,0,0,0,0,0,0,1,1,0,0,1
hotel_39766989_20260722_173629,39766989,1,41,Be Trendy Standard Room Land View,DOUBLE STANDARD LAND VIEW (2AD),"{""category"": ""room"", ""room_class"": ""standard"", ""suite_type"": ""not_applicable"", ""club_access"": false, ""view"": ""land"", ""balcony"": false, ""terrace"": false, ""dormitory_bed_count"": null, ""dormitory_type"": ""not_applicable"", ""bed_type"": ""unknown"", ""bedroom_count"": null, ""bed_configuration"": [], ""connecting_room"": false, ""swim_up"": false, ""annex"": false, ""jacuzzi"": false, ""hot_tub"": false, ""occupancy"": null, ""single_use"": false, ""bed_relation"": ""unknown""}","{""category"": ""room"", ""room_class"": ""standard"", ""suite_type"": ""not_applicable"", ""club_access"": false, ""view"": ""land"", ""balcony"": false, ""terrace"": false, ""dormitory_bed_count"": null, ""dormitory_type"": ""not_applicable"", ""bed_type"": ""unknown"", ""bedroom_count"": null, ""bed_configuration"": [{""type"": ""double"", ""count"": null}], ""connecting_room"": false, ""swim_up"": false, ""annex"": false, ""jacuzzi"": false, ""hot_tub"": false, ""occupancy"": 2, ""single_use"": false, ""bed_relation"": ""unknown""}",83.72093023255815,1,1,1,1,1,0,0,0,0,0,0,1,1,0,0,1
hotel_39766989_20260722_173629,39766989,1,97,Be Trendy Standard Room Land View,Standard Double Room (Land View),"{""category"": ""room"", ""room_class"": ""standard"", ""suite_type"": ""not_applicable"", ""club_access"": false, ""view"": ""land"", ""balcony"": false, ""terrace"": false, ""dormitory_bed_count"": null, ""dormitory_type"": ""not_applicable"", ""bed_type"": ""unknown"", ""bedroom_count"": null, ""bed_configuration"": [], ""connecting_room"": false, ""swim_up"": false, ""annex"": false, ""jacuzzi"": false, ""hot_tub"": false, ""occupancy"": null, ""single_use"": false, ""bed_relation"": ""unknown""}","{""category"": ""room"", ""room_class"": ""standard"", ""suite_type"": ""not_applicable"", ""club_access"": false, ""view"": ""land"", ""balcony"": false, ""terrace"": false, ""dormitory_bed_count"": null, ""dormitory_type"": ""not_applicable"", ""bed_type"": ""unknown"", ""bedroom_count"": null, ""bed_configuration"": [{""type"": ""double"", ""count"": null}], ""connecting_room"": false, ""swim_up"": false, ""annex"": false, ""jacuzzi"": false, ""hot_tub"": false, ""occupancy"": 2, ""single_use"": false, ""bed_relation"": ""unknown""}",86.79245283018868,1,1,1,1,1,0,0,0,0,0,0,1,1,0,0,1
hotel_39766989_20260722_173629,39766989,2,24,Be Large Standard Room Land View,DOUBLE ROOM - LARGE - LAND VIEW,"{""category"": ""room"", ""room_class"": ""standard"", ""suite_type"": ""not_applicable"", ""club_access"": false, ""view"": ""land"", ""balcony"": false, ""terrace"": false, ""dormitory_bed_count"": null, ""dormitory_type"": ""not_applicable"", ""bed_type"": ""unknown"", ""bedroom_count"": null, ""bed_configuration"": [], ""connecting_room"": false, ""swim_up"": false, ""annex"": false, ""jacuzzi"": false, ""hot_tub"": false, ""occupancy"": null, ""single_use"": false, ""bed_relation"": ""unknown""}","{""category"": ""room"", ""room_class"": ""unknown"", ""suite_type"": ""not_applicable"", ""club_access"": false, ""view"": ""land"", ""balcony"": false, ""terrace"": false, ""dormitory_bed_count"": null, ""dormitory_type"": ""not_applicable"", ""bed_type"": ""unknown"", ""bedroom_count"": null, ""bed_configuration"": [{""type"": ""double"", ""count"": null}], ""connecting_room"": false, ""swim_up"": false, ""annex"": false, ""jacuzzi"": false, ""hot_tub"": false, ""occupancy"": 2, ""single_use"": false, ""bed_relation"": ""unknown""}",85.1063829787234,1,0,0,1,1,0,0,0,0,0,0,1,1,0,0,1
hotel_39766989_20260722_173629,39766989,2,41,Be Large Standard Room Land View,DOUBLE STANDARD LAND VIEW (2AD),"{""category"": ""room"", ""room_class"": ""standard"", ""suite_type"": ""not_applicable"", ""club_access"": false, ""view"": ""land"", ""balcony"": false, ""terrace"": false, ""dormitory_bed_count"": null, ""dormitory_type"": ""not_applicable"", ""bed_type"": ""unknown"", ""bedroom_count"": null, ""bed_configuration"": [], ""connecting_room"": false, ""swim_up"": false, ""annex"": false, ""jacuzzi"": false, ""hot_tub"": false, ""occupancy"": null, ""single_use"": false, ""bed_relation"": ""unknown""}","{""category"": ""room"", ""room_class"": ""standard"", ""suite_type"": ""not_applicable"", ""club_access"": false, ""view"": ""land"", ""balcony"": false, ""terrace"": false, ""dormitory_bed_count"": null, ""dormitory_type"": ""not_applicable"", ""bed_type"": ""unknown"", ""bedroom_count"": null, ""bed_configuration"": [{""type"": ""double"", ""count"": null}], ""connecting_room"": false, ""swim_up"": false, ""annex"": false, ""jacuzzi"": false, ""hot_tub"": false, ""occupancy"": 2, ""single_use"": false, ""bed_relation"": ""unknown""}",83.72093023255815,1,1,1,1,1,0,0,0,0,0,0,1,1,0,0,1
hotel_39766989_20260722_173629,39766989,2,97,Be Large Standard Room Land View,Standard Double Room (Land View),"{""category"": ""room"", ""room_class"": ""standard"", ""suite_type"": ""not_applicable"", ""club_access"": false, ""view"": ""land"", ""balcony"": false, ""terrace"": false, ""dormitory_bed_count"": null, ""dormitory_type"": ""not_applicable"", ""bed_type"": ""unknown"", ""bedroom_count"": null, ""bed_configuration"": [], ""connecting_room"": false, ""swim_up"": false, ""annex"": false, ""jacuzzi"": false, ""hot_tub"": false, ""occupancy"": null, ""single_use"": false, ""bed_relation"": ""unknown""}","{""category"": ""room"", ""room_class"": ""standard"", ""suite_type"": ""not_applicable"", ""club_access"": false, ""view"": ""land"", ""balcony"": false, ""terrace"": false, ""dormitory_bed_count"": null, ""dormitory_type"": ""not_applicable"", ""bed_type"": ""unknown"", ""bedroom_count"": null, ""bed_configuration"": [{""type"": ""double"", ""count"": null}], ""connecting_room"": false, ""swim_up"": false, ""annex"": false, ""jacuzzi"": false, ""hot_tub"": false, ""occupancy"": 2, ""single_use"": false, ""bed_relation"": ""unknown""}",87.09677419354838,1,1,1,1,1,0,0,0,0,0,0,1,1,0,0,1
hotel_39766989_20260722_173629,39766989,40,41,DOUBLE/TWIN LAND VIEW 2/3 PAX,DOUBLE STANDARD LAND VIEW (2AD),"{""category"": ""room"", ""room_class"": ""unknown"", ""suite_type"": ""not_applicable"", ""club_access"": false, ""view"": ""land"", ""balcony"": false, ""terrace"": false, ""dormitory_bed_count"": null, ""dormitory_type"": ""not_applicable"", ""bed_type"": ""unknown"", ""bedroom_count"": null, ""bed_configuration"": [{""type"": ""double"", ""count"": null}, {""type"": ""twin"", ""count"": null}], ""connecting_room"": false, ""swim_up"": false, ""annex"": false, ""jacuzzi"": false, ""hot_tub"": false, ""occupancy"": 3, ""single_use"": false, ""bed_relation"": ""alternative""}","{""category"": ""room"", ""room_class"": ""standard"", ""suite_type"": ""not_applicable"", ""club_access"": false, ""view"": ""land"", ""balcony"": false, ""terrace"": false, ""dormitory_bed_count"": null, ""dormitory_type"": ""not_applicable"", ""bed_type"": ""unknown"", ""bedroom_count"": null, ""bed_configuration"": [{""type"": ""double"", ""count"": null}], ""connecting_room"": false, ""swim_up"": false, ""annex"": false, ""jacuzzi"": false, ""hot_tub"": false, ""occupancy"": 2, ""single_use"": false, ""bed_relation"": ""unknown""}",78.04878048780488,1,0,0,1,1,0,0,1,0,1,0,1,1,0,0,1
hotel_39766989_20260722_173629,39766989,40,92,DOUBLE/TWIN LAND VIEW 2/3 PAX,DOUBLE LAND VIEW,"{""category"": ""room"", ""room_class"": ""unknown"", ""suite_type"": ""not_applicable"", ""club_access"": false, ""view"": ""land"", ""balcony"": false, ""terrace"": false, ""dormitory_bed_count"": null, ""dormitory_type"": ""not_applicable"", ""bed_type"": ""unknown"", ""bedroom_count"": null, ""bed_configuration"": [{""type"": ""double"", ""count"": null}, {""type"": ""twin"", ""count"": null}], ""connecting_room"": false, ""swim_up"": false, ""annex"": false, ""jacuzzi"": false, ""hot_tub"": false, ""occupancy"": 3, ""single_use"": false, ""bed_relation"": ""alternative""}","{""category"": ""room"", ""room_class"": ""unknown"", ""suite_type"": ""not_applicable"", ""club_access"": false, ""view"": ""land"", ""balcony"": false, ""terrace"": false, ""dormitory_bed_count"": null, ""dormitory_type"": ""not_applicable"", ""bed_type"": ""unknown"", ""bedroom_count"": null, ""bed_configuration"": [{""type"": ""double"", ""count"": null}], ""connecting_room"": false, ""swim_up"": false, ""annex"": false, ""jacuzzi"": false, ""hot_tub"": false, ""occupancy"": 2, ""single_use"": false, ""bed_relation"": ""unknown""}",100.0,1,0,0,1,1,0,0,1,0,1,0,1,1,0,0,1
hotel_39766989_20260722_173629,39766989,60,20,Be Trendy Room Land View,BE TRENDY LANDVIEW DOUBLE ROOM,"{""category"": ""room"", ""room_class"": ""unknown"", ""suite_type"": ""not_applicable"", ""club_access"": false, ""view"": ""land"", ""balcony"": false, ""terrace"": false, ""dormitory_bed_count"": null, ""dormitory_type"": ""not_applicable"", ""bed_type"": ""unknown"", ""bedroom_count"": null, ""bed_configuration"": [], ""connecting_room"": false, ""swim_up"": false, ""annex"": false, ""jacuzzi"": false, ""hot_tub"": false, ""occupancy"": null, ""single_use"": false, ""bed_relation"": ""unknown""}","{""category"": ""room"", ""room_class"": ""unknown"", ""suite_type"": ""not_applicable"", ""club_access"": false, ""view"": ""unknown"", ""balcony"": false, ""terrace"": false, ""dormitory_bed_count"": null, ""dormitory_type"": ""not_applicable"", ""bed_type"": ""unknown"", ""bedroom_count"": null, ""bed_configuration"": [{""type"": ""double"", ""count"": null}], ""connecting_room"": false, ""swim_up"": false, ""annex"": false, ""jacuzzi"": false, ""hot_tub"": false, ""occupancy"": 2, ""single_use"": false, ""bed_relation"": ""unknown""}",85.18518518518519,1,0,0,0,0,0,0,0,0,0,0,1,1,0,0,1
hotel_39766989_20260722_173629,39766989,62,22,Be Large Room Land View,"ROOM, DOUBLE BED, LAND VIEW, LARGE","{""category"": ""room"", ""room_class"": ""unknown"", ""suite_type"": ""not_applicable"", ""club_access"": false, ""view"": ""land"", ""balcony"": false, ""terrace"": false, ""dormitory_bed_count"": null, ""dormitory_type"": ""not_applicable"", ""bed_type"": ""unknown"", ""bedroom_count"": null, ""bed_configuration"": [], ""connecting_room"": false, ""swim_up"": false, ""annex"": false, ""jacuzzi"": false, ""hot_tub"": false, ""occupancy"": null, ""single_use"": false, ""bed_relation"": ""unknown""}","{""category"": ""room"", ""room_class"": ""unknown"", ""suite_type"": ""not_applicable"", ""club_access"": false, ""view"": ""land"", ""balcony"": false, ""terrace"": false, ""dormitory_bed_count"": null, ""dormitory_type"": ""not_applicable"", ""bed_type"": ""unknown"", ""bedroom_count"": null, ""bed_configuration"": [{""type"": ""double"", ""count"": null}], ""connecting_room"": false, ""swim_up"": false, ""annex"": false, ""jacuzzi"": false, ""hot_tub"": false, ""occupancy"": 2, ""single_use"": false, ""bed_relation"": ""unknown""}",93.02325581395348,1,0,0,1,1,0,0,0,0,0,0,1,1,0,0,1
hotel_39766989_20260722_173629,39766989,62,24,Be Large Room Land View,DOUBLE ROOM - LARGE - LAND VIEW,"{""category"": ""room"", ""room_class"": ""unknown"", ""suite_type"": ""not_applicable"", ""club_access"": false, ""view"": ""land"", ""balcony"": false, ""terrace"": false, ""dormitory_bed_count"": null, ""dormitory_type"": ""not_applicable"", ""bed_type"": ""unknown"", ""bedroom_count"": null, ""bed_configuration"": [], ""connecting_room"": false, ""swim_up"": false, ""annex"": false, ""jacuzzi"": false, ""hot_tub"": false, ""occupancy"": null, ""single_use"": false, ""bed_relation"": ""unknown""}","{""category"": ""room"", ""room_class"": ""unknown"", ""suite_type"": ""not_applicable"", ""club_access"": false, ""view"": ""land"", ""balcony"": false, ""terrace"": false, ""dormitory_bed_count"": null, ""dormitory_type"": ""not_applicable"", ""bed_type"": ""unknown"", ""bedroom_count"": null, ""bed_configuration"": [{""type"": ""double"", ""count"": null}], ""connecting_room"": false, ""swim_up"": false, ""annex"": false, ""jacuzzi"": false, ""hot_tub"": false, ""occupancy"": 2, ""single_use"": false, ""bed_relation"": ""unknown""}",93.02325581395348,1,0,0,1,1,0,0,0,0,0,0,1,1,0,0,1
hotel_39766989_20260722_173629,39766989,66,41,Standard Room Be Trendy Land View,DOUBLE STANDARD LAND VIEW (2AD),"{""category"": ""room"", ""room_class"": ""standard"", ""suite_type"": ""not_applicable"", ""club_access"": false, ""view"": ""land"", ""balcony"": false, ""terrace"": false, ""dormitory_bed_count"": null, ""dormitory_type"": ""not_applicable"", ""bed_type"": ""unknown"", ""bedroom_count"": null, ""bed_configuration"": [], ""connecting_room"": false, ""swim_up"": false, ""annex"": false, ""jacuzzi"": false, ""hot_tub"": false, ""occupancy"": null, ""single_use"": false, ""bed_relation"": ""unknown""}","{""category"": ""room"", ""room_class"": ""standard"", ""suite_type"": ""not_applicable"", ""club_access"": false, ""view"": ""land"", ""balcony"": false, ""terrace"": false, ""dormitory_bed_count"": null, ""dormitory_type"": ""not_applicable"", ""bed_type"": ""unknown"", ""bedroom_count"": null, ""bed_configuration"": [{""type"": ""double"", ""count"": null}], ""connecting_room"": false, ""swim_up"": false, ""annex"": false, ""jacuzzi"": false, ""hot_tub"": false, ""occupancy"": 2, ""single_use"": false, ""bed_relation"": ""unknown""}",83.72093023255815,1,1,1,1,1,0,0,0,0,0,0,1,1,0,0,1
hotel_39766989_20260722_173629,39766989,66,97,Standard Room Be Trendy Land View,Standard Double Room (Land View),"{""category"": ""room"", ""room_class"": ""standard"", ""suite_type"": ""not_applicable"", ""club_access"": false, ""view"": ""land"", ""balcony"": false, ""terrace"": false, ""dormitory_bed_count"": null, ""dormitory_type"": ""not_applicable"", ""bed_type"": ""unknown"", ""bedroom_count"": null, ""bed_configuration"": [], ""connecting_room"": false, ""swim_up"": false, ""annex"": false, ""jacuzzi"": false, ""hot_tub"": false, ""occupancy"": null, ""single_use"": false, ""bed_relation"": ""unknown""}","{""category"": ""room"", ""room_class"": ""standard"", ""suite_type"": ""not_applicable"", ""club_access"": false, ""view"": ""land"", ""balcony"": false, ""terrace"": false, ""dormitory_bed_count"": null, ""dormitory_type"": ""not_applicable"", ""bed_type"": ""unknown"", ""bedroom_count"": null, ""bed_configuration"": [{""type"": ""double"", ""count"": null}], ""connecting_room"": false, ""swim_up"": false, ""annex"": false, ""jacuzzi"": false, ""hot_tub"": false, ""occupancy"": 2, ""single_use"": false, ""bed_relation"": ""unknown""}",86.79245283018868,1,1,1,1,1,0,0,0,0,0,0,1,1,0,0,1
hotel_39766989_20260722_173629,39766989,70,24,Standard Room Be Large Land View,DOUBLE ROOM - LARGE - LAND VIEW,"{""category"": ""room"", ""room_class"": ""standard"", ""suite_type"": ""not_applicable"", ""club_access"": false, ""view"": ""land"", ""balcony"": false, ""terrace"": false, ""dormitory_bed_count"": null, ""dormitory_type"": ""not_applicable"", ""bed_type"": ""unknown"", ""bedroom_count"": null, ""bed_configuration"": [], ""connecting_room"": false, ""swim_up"": false, ""annex"": false, ""jacuzzi"": false, ""hot_tub"": false, ""occupancy"": null, ""single_use"": false, ""bed_relation"": ""unknown""}","{""category"": ""room"", ""room_class"": ""unknown"", ""suite_type"": ""not_applicable"", ""club_access"": false, ""view"": ""land"", ""balcony"": false, ""terrace"": false, ""dormitory_bed_count"": null, ""dormitory_type"": ""not_applicable"", ""bed_type"": ""unknown"", ""bedroom_count"": null, ""bed_configuration"": [{""type"": ""double"", ""count"": null}], ""connecting_room"": false, ""swim_up"": false, ""annex"": false, ""jacuzzi"": false, ""hot_tub"": false, ""occupancy"": 2, ""single_use"": false, ""bed_relation"": ""unknown""}",85.1063829787234,1,0,0,1,1,0,0,0,0,0,0,1,1,0,0,1
hotel_39766989_20260722_173629,39766989,70,41,Standard Room Be Large Land View,DOUBLE STANDARD LAND VIEW (2AD),"{""category"": ""room"", ""room_class"": ""standard"", ""suite_type"": ""not_applicable"", ""club_access"": false, ""view"": ""land"", ""balcony"": false, ""terrace"": false, ""dormitory_bed_count"": null, ""dormitory_type"": ""not_applicable"", ""bed_type"": ""unknown"", ""bedroom_count"": null, ""bed_configuration"": [], ""connecting_room"": false, ""swim_up"": false, ""annex"": false, ""jacuzzi"": false, ""hot_tub"": false, ""occupancy"": null, ""single_use"": false, ""bed_relation"": ""unknown""}","{""category"": ""room"", ""room_class"": ""standard"", ""suite_type"": ""not_applicable"", ""club_access"": false, ""view"": ""land"", ""balcony"": false, ""terrace"": false, ""dormitory_bed_count"": null, ""dormitory_type"": ""not_applicable"", ""bed_type"": ""unknown"", ""bedroom_count"": null, ""bed_configuration"": [{""type"": ""double"", ""count"": null}], ""connecting_room"": false, ""swim_up"": false, ""annex"": false, ""jacuzzi"": false, ""hot_tub"": false, ""occupancy"": 2, ""single_use"": false, ""bed_relation"": ""unknown""}",83.72093023255815,1,1,1,1,1,0,0,0,0,0,0,1,1,0,0,1
hotel_39766989_20260722_173629,39766989,70,97,Standard Room Be Large Land View,Standard Double Room (Land View),"{""category"": ""room"", ""room_class"": ""standard"", ""suite_type"": ""not_applicable"", ""club_access"": false, ""view"": ""land"", ""balcony"": false, ""terrace"": false, ""dormitory_bed_count"": null, ""dormitory_type"": ""not_applicable"", ""bed_type"": ""unknown"", ""bedroom_count"": null, ""bed_configuration"": [], ""connecting_room"": false, ""swim_up"": false, ""annex"": false, ""jacuzzi"": false, ""hot_tub"": false, ""occupancy"": null, ""single_use"": false, ""bed_relation"": ""unknown""}","{""category"": ""room"", ""room_class"": ""standard"", ""suite_type"": ""not_applicable"", ""club_access"": false, ""view"": ""land"", ""balcony"": false, ""terrace"": false, ""dormitory_bed_count"": null, ""dormitory_type"": ""not_applicable"", ""bed_type"": ""unknown"", ""bedroom_count"": null, ""bed_configuration"": [{""type"": ""double"", ""count"": null}], ""connecting_room"": false, ""swim_up"": false, ""annex"": false, ""jacuzzi"": false, ""hot_tub"": false, ""occupancy"": 2, ""single_use"": false, ""bed_relation"": ""unknown""}",87.09677419354838,1,1,1,1,1,0,0,0,0,0,0,1,1,0,0,1
hotel_39766989_20260722_173629,39766989,60,72,Be Trendy Room Land View,Be Romantic Room Land View,"{""category"": ""room"", ""room_class"": ""unknown"", ""suite_type"": ""not_applicable"", ""club_access"": false, ""view"": ""land"", ""balcony"": false, ""terrace"": false, ""dormitory_bed_count"": null, ""dormitory_type"": ""not_applicable"", ""bed_type"": ""unknown"", ""bedroom_count"": null, ""bed_configuration"": [], ""connecting_room"": false, ""swim_up"": false, ""annex"": false, ""jacuzzi"": false, ""hot_tub"": false, ""occupancy"": null, ""single_use"": false, ""bed_relation"": ""unknown""}","{""category"": ""room"", ""room_class"": ""unknown"", ""suite_type"": ""not_applicable"", ""club_access"": false, ""view"": ""land"", ""balcony"": false, ""terrace"": false, ""dormitory_bed_count"": null, ""dormitory_type"": ""not_applicable"", ""bed_type"": ""unknown"", ""bedroom_count"": null, ""bed_configuration"": [], ""connecting_room"": false, ""swim_up"": false, ""annex"": false, ""jacuzzi"": false, ""hot_tub"": false, ""occupancy"": null, ""single_use"": false, ""bed_relation"": ""unknown""}",82.92682926829268,1,0,0,1,1,0,0,0,0,0,0,1,1,0,0,1
hotel_39766989_20260722_173629,39766989,62,72,Be Large Room Land View,Be Romantic Room Land View,"{""category"": ""room"", ""room_class"": ""unknown"", ""suite_type"": ""not_applicable"", ""club_access"": false, ""view"": ""land"", ""balcony"": false, ""terrace"": false, ""dormitory_bed_count"": null, ""dormitory_type"": ""not_applicable"", ""bed_type"": ""unknown"", ""bedroom_count"": null, ""bed_configuration"": [], ""connecting_room"": false, ""swim_up"": false, ""annex"": false, ""jacuzzi"": false, ""hot_tub"": false, ""occupancy"": null, ""single_use"": false, ""bed_relation"": ""unknown""}","{""category"": ""room"", ""room_class"": ""unknown"", ""suite_type"": ""not_applicable"", ""club_access"": false, ""view"": ""land"", ""balcony"": false, ""terrace"": false, ""dormitory_bed_count"": null, ""dormitory_type"": ""not_applicable"", ""bed_type"": ""unknown"", ""bedroom_count"": null, ""bed_configuration"": [], ""connecting_room"": false, ""swim_up"": false, ""annex"": false, ""jacuzzi"": false, ""hot_tub"": false, ""occupancy"": null, ""single_use"": false, ""bed_relation"": ""unknown""}",85.0,1,0,0,1,1,0,0,0,0,0,0,1,1,0,0,1
hotel_39766989_20260722_173629,39766989,2,96,Be Large Standard Room Land View,Standard Double or Twin Room (Land View),"{""category"": ""room"", ""room_class"": ""standard"", ""suite_type"": ""not_applicable"", ""club_access"": false, ""view"": ""land"", ""balcony"": false, ""terrace"": false, ""dormitory_bed_count"": null, ""dormitory_type"": ""not_applicable"", ""bed_type"": ""unknown"", ""bedroom_count"": null, ""bed_configuration"": [], ""connecting_room"": false, ""swim_up"": false, ""annex"": false, ""jacuzzi"": false, ""hot_tub"": false, ""occupancy"": null, ""single_use"": false, ""bed_relation"": ""unknown""}","{""category"": ""room"", ""room_class"": ""standard"", ""suite_type"": ""not_applicable"", ""club_access"": false, ""view"": ""land"", ""balcony"": false, ""terrace"": false, ""dormitory_bed_count"": null, ""dormitory_type"": ""not_applicable"", ""bed_type"": ""unknown"", ""bedroom_count"": null, ""bed_configuration"": [{""type"": ""double"", ""count"": null}, {""type"": ""twin"", ""count"": null}], ""connecting_room"": false, ""swim_up"": false, ""annex"": false, ""jacuzzi"": false, ""hot_tub"": false, ""occupancy"": 2, ""single_use"": false, ""bed_relation"": ""alternative""}",83.63636363636364,1,1,1,1,1,0,0,0,0,0,0,1,1,0,0,1
hotel_39766989_20260722_173629,39766989,70,96,Standard Room Be Large Land View,Standard Double or Twin Room (Land View),"{""category"": ""room"", ""room_class"": ""standard"", ""suite_type"": ""not_applicable"", ""club_access"": false, ""view"": ""land"", ""balcony"": false, ""terrace"": false, ""dormitory_bed_count"": null, ""dormitory_type"": ""not_applicable"", ""bed_type"": ""unknown"", ""bedroom_count"": null, ""bed_configuration"": [], ""connecting_room"": false, ""swim_up"": false, ""annex"": false, ""jacuzzi"": false, ""hot_tub"": false, ""occupancy"": null, ""single_use"": false, ""bed_relation"": ""unknown""}","{""category"": ""room"", ""room_class"": ""standard"", ""suite_type"": ""not_applicable"", ""club_access"": false, ""view"": ""land"", ""balcony"": false, ""terrace"": false, ""dormitory_bed_count"": null, ""dormitory_type"": ""not_applicable"", ""bed_type"": ""unknown"", ""bedroom_count"": null, ""bed_configuration"": [{""type"": ""double"", ""count"": null}, {""type"": ""twin"", ""count"": null}], ""connecting_room"": false, ""swim_up"": false, ""annex"": false, ""jacuzzi"": false, ""hot_tub"": false, ""occupancy"": 2, ""single_use"": false, ""bed_relation"": ""alternative""}",83.63636363636364,1,1,1,1,1,0,0,0,0,0,0,1,1,0,0,1
hotel_39766989_20260722_173629,39766989,11,37,SUPERIOR BE ROMANTIC LAND VIEW,SUPERIOR ROMANTIC ROOM,"{""category"": ""room"", ""room_class"": ""superior"", ""suite_type"": ""not_applicable"", ""club_access"": false, ""view"": ""land"", ""balcony"": false, ""terrace"": false, ""dormitory_bed_count"": null, ""dormitory_type"": ""not_applicable"", ""bed_type"": ""unknown"", ""bedroom_count"": null, ""bed_configuration"": [], ""connecting_room"": false, ""swim_up"": false, ""annex"": false, ""jacuzzi"": false, ""hot_tub"": false, ""occupancy"": null, ""single_use"": false, ""bed_relation"": ""unknown""}","{""category"": ""room"", ""room_class"": ""superior"", ""suite_type"": ""not_applicable"", ""club_access"": false, ""view"": ""unknown"", ""balcony"": false, ""terrace"": false, ""dormitory_bed_count"": null, ""dormitory_type"": ""not_applicable"", ""bed_type"": ""unknown"", ""bedroom_count"": null, ""bed_configuration"": [], ""connecting_room"": false, ""swim_up"": false, ""annex"": false, ""jacuzzi"": false, ""hot_tub"": false, ""occupancy"": null, ""single_use"": false, ""bed_relation"": ""unknown""}",87.17948717948718,1,1,1,0,0,0,0,0,0,0,0,1,1,0,0,1
hotel_39766989_20260722_173629,39766989,11,117,SUPERIOR BE ROMANTIC LAND VIEW,Romantic Superior Room,"{""category"": ""room"", ""room_class"": ""superior"", ""suite_type"": ""not_applicable"", ""club_access"": false, ""view"": ""land"", ""balcony"": false, ""terrace"": false, ""dormitory_bed_count"": null, ""dormitory_type"": ""not_applicable"", ""bed_type"": ""unknown"", ""bedroom_count"": null, ""bed_configuration"": [], ""connecting_room"": false, ""swim_up"": false, ""annex"": false, ""jacuzzi"": false, ""hot_tub"": false, ""occupancy"": null, ""single_use"": false, ""bed_relation"": ""unknown""}","{""category"": ""room"", ""room_class"": ""superior"", ""suite_type"": ""not_applicable"", ""club_access"": false, ""view"": ""unknown"", ""balcony"": false, ""terrace"": false, ""dormitory_bed_count"": null, ""dormitory_type"": ""not_applicable"", ""bed_type"": ""unknown"", ""bedroom_count"": null, ""bed_configuration"": [], ""connecting_room"": false, ""swim_up"": false, ""annex"": false, ""jacuzzi"": false, ""hot_tub"": false, ""occupancy"": null, ""single_use"": false, ""bed_relation"": ""unknown""}",87.17948717948718,1,1,1,0,0,0,0,0,0,0,0,1,1,0,0,1
hotel_39766989_20260722_173629,39766989,11,72,SUPERIOR BE ROMANTIC LAND VIEW,Be Romantic Room Land View,"{""category"": ""room"", ""room_class"": ""superior"", ""suite_type"": ""not_applicable"", ""club_access"": false, ""view"": ""land"", ""balcony"": false, ""terrace"": false, ""dormitory_bed_count"": null, ""dormitory_type"": ""not_applicable"", ""bed_type"": ""unknown"", ""bedroom_count"": null, ""bed_configuration"": [], ""connecting_room"": false, ""swim_up"": false, ""annex"": false, ""jacuzzi"": false, ""hot_tub"": false, ""occupancy"": null, ""single_use"": false, ""bed_relation"": ""unknown""}","{""category"": ""room"", ""room_class"": ""unknown"", ""suite_type"": ""not_applicable"", ""club_access"": false, ""view"": ""land"", ""balcony"": false, ""terrace"": false, ""dormitory_bed_count"": null, ""dormitory_type"": ""not_applicable"", ""bed_type"": ""unknown"", ""bedroom_count"": null, ""bed_configuration"": [], ""connecting_room"": false, ""swim_up"": false, ""annex"": false, ""jacuzzi"": false, ""hot_tub"": false, ""occupancy"": null, ""single_use"": false, ""bed_relation"": ""unknown""}",89.36170212765957,1,0,0,1,1,0,0,0,0,0,0,1,1,0,0,1
hotel_39766989_20260722_173629,39766989,3,116,Be Romantic Superior Room Land View,Superior Room (Land View),"{""category"": ""room"", ""room_class"": ""superior"", ""suite_type"": ""not_applicable"", ""club_access"": false, ""view"": ""land"", ""balcony"": false, ""terrace"": false, ""dormitory_bed_count"": null, ""dormitory_type"": ""not_applicable"", ""bed_type"": ""unknown"", ""bedroom_count"": null, ""bed_configuration"": [], ""connecting_room"": false, ""swim_up"": false, ""annex"": false, ""jacuzzi"": false, ""hot_tub"": false, ""occupancy"": null, ""single_use"": false, ""bed_relation"": ""unknown""}","{""category"": ""room"", ""room_class"": ""superior"", ""suite_type"": ""not_applicable"", ""club_access"": false, ""view"": ""land"", ""balcony"": false, ""terrace"": false, ""dormitory_bed_count"": null, ""dormitory_type"": ""not_applicable"", ""bed_type"": ""unknown"", ""bedroom_count"": null, ""bed_configuration"": [], ""connecting_room"": false, ""swim_up"": false, ""annex"": false, ""jacuzzi"": false, ""hot_tub"": false, ""occupancy"": null, ""single_use"": false, ""bed_relation"": ""unknown""}",100.0,1,1,1,1,1,0,0,0,0,0,0,1,1,0,0,1
hotel_39766989_20260722_173629,39766989,11,116,SUPERIOR BE ROMANTIC LAND VIEW,Superior Room (Land View),"{""category"": ""room"", ""room_class"": ""superior"", ""suite_type"": ""not_applicable"", ""club_access"": false, ""view"": ""land"", ""balcony"": false, ""terrace"": false, ""dormitory_bed_count"": null, ""dormitory_type"": ""not_applicable"", ""bed_type"": ""unknown"", ""bedroom_count"": null, ""bed_configuration"": [], ""connecting_room"": false, ""swim_up"": false, ""annex"": false, ""jacuzzi"": false, ""hot_tub"": false, ""occupancy"": null, ""single_use"": false, ""bed_relation"": ""unknown""}","{""category"": ""room"", ""room_class"": ""superior"", ""suite_type"": ""not_applicable"", ""club_access"": false, ""view"": ""land"", ""balcony"": false, ""terrace"": false, ""dormitory_bed_count"": null, ""dormitory_type"": ""not_applicable"", ""bed_type"": ""unknown"", ""bedroom_count"": null, ""bed_configuration"": [], ""connecting_room"": false, ""swim_up"": false, ""annex"": false, ""jacuzzi"": false, ""hot_tub"": false, ""occupancy"": null, ""single_use"": false, ""bed_relation"": ""unknown""}",87.8048780487805,1,1,1,1,1,0,0,0,0,0,0,1,1,0,0,1
hotel_39766989_20260722_173629,39766989,52,116,be romantic superior land view room,Superior Room (Land View),"{""category"": ""room"", ""room_class"": ""superior"", ""suite_type"": ""not_applicable"", ""club_access"": false, ""view"": ""land"", ""balcony"": false, ""terrace"": false, ""dormitory_bed_count"": null, ""dormitory_type"": ""not_applicable"", ""bed_type"": ""unknown"", ""bedroom_count"": null, ""bed_configuration"": [], ""connecting_room"": false, ""swim_up"": false, ""annex"": false, ""jacuzzi"": false, ""hot_tub"": false, ""occupancy"": null, ""single_use"": false, ""bed_relation"": ""unknown""}","{""category"": ""room"", ""room_class"": ""superior"", ""suite_type"": ""not_applicable"", ""club_access"": false, ""view"": ""land"", ""balcony"": false, ""terrace"": false, ""dormitory_bed_count"": null, ""dormitory_type"": ""not_applicable"", ""bed_type"": ""unknown"", ""bedroom_count"": null, ""bed_configuration"": [], ""connecting_room"": false, ""swim_up"": false, ""annex"": false, ""jacuzzi"": false, ""hot_tub"": false, ""occupancy"": null, ""single_use"": false, ""bed_relation"": ""unknown""}",100.0,1,1,1,1,1,0,0,0,0,0,0,1,1,0,0,1
hotel_39766989_20260722_173629,39766989,78,116,Superior Room Be Romantic Land View Unit,Superior Room (Land View),"{""category"": ""room"", ""room_class"": ""superior"", ""suite_type"": ""not_applicable"", ""club_access"": false, ""view"": ""land"", ""balcony"": false, ""terrace"": false, ""dormitory_bed_count"": null, ""dormitory_type"": ""not_applicable"", ""bed_type"": ""unknown"", ""bedroom_count"": null, ""bed_configuration"": [], ""connecting_room"": false, ""swim_up"": false, ""annex"": false, ""jacuzzi"": false, ""hot_tub"": false, ""occupancy"": null, ""single_use"": false, ""bed_relation"": ""unknown""}","{""category"": ""room"", ""room_class"": ""superior"", ""suite_type"": ""not_applicable"", ""club_access"": false, ""view"": ""land"", ""balcony"": false, ""terrace"": false, ""dormitory_bed_count"": null, ""dormitory_type"": ""not_applicable"", ""bed_type"": ""unknown"", ""bedroom_count"": null, ""bed_configuration"": [], ""connecting_room"": false, ""swim_up"": false, ""annex"": false, ""jacuzzi"": false, ""hot_tub"": false, ""occupancy"": null, ""single_use"": false, ""bed_relation"": ""unknown""}",100.0,1,1,1,1,1,0,0,0,0,0,0,1,1,0,0,1
hotel_39766989_20260722_173629,39766989,111,116,SUPERIOR BE ROMANTIC ROOM LAND VIEW,Superior Room (Land View),"{""category"": ""room"", ""room_class"": ""superior"", ""suite_type"": ""not_applicable"", ""club_access"": false, ""view"": ""land"", ""balcony"": false, ""terrace"": false, ""dormitory_bed_count"": null, ""dormitory_type"": ""not_applicable"", ""bed_type"": ""unknown"", ""bedroom_count"": null, ""bed_configuration"": [], ""connecting_room"": false, ""swim_up"": false, ""annex"": false, ""jacuzzi"": false, ""hot_tub"": false, ""occupancy"": null, ""single_use"": false, ""bed_relation"": ""unknown""}","{""category"": ""room"", ""room_class"": ""superior"", ""suite_type"": ""not_applicable"", ""club_access"": false, ""view"": ""land"", ""balcony"": false, ""terrace"": false, ""dormitory_bed_count"": null, ""dormitory_type"": ""not_applicable"", ""bed_type"": ""unknown"", ""bedroom_count"": null, ""bed_configuration"": [], ""connecting_room"": false, ""swim_up"": false, ""annex"": false, ""jacuzzi"": false, ""hot_tub"": false, ""occupancy"": null, ""single_use"": false, ""bed_relation"": ""unknown""}",100.0,1,1,1,1,1,0,0,0,0,0,0,1,1,0,0,1
hotel_39766989_20260722_173629,39766989,47,37,superior be romantic side seaview,SUPERIOR ROMANTIC ROOM,"{""category"": ""room"", ""room_class"": ""superior"", ""suite_type"": ""not_applicable"", ""club_access"": false, ""view"": ""partial_sea"", ""balcony"": false, ""terrace"": false, ""dormitory_bed_count"": null, ""dormitory_type"": ""not_applicable"", ""bed_type"": ""unknown"", ""bedroom_count"": null, ""bed_configuration"": [], ""connecting_room"": false, ""swim_up"": false, ""annex"": false, ""jacuzzi"": false, ""hot_tub"": false, ""occupancy"": null, ""single_use"": false, ""bed_relation"": ""unknown""}","{""category"": ""room"", ""room_class"": ""superior"", ""suite_type"": ""not_applicable"", ""club_access"": false, ""view"": ""unknown"", ""balcony"": false, ""terrace"": false, ""dormitory_bed_count"": null, ""dormitory_type"": ""not_applicable"", ""bed_type"": ""unknown"", ""bedroom_count"": null, ""bed_configuration"": [], ""connecting_room"": false, ""swim_up"": false, ""annex"": false, ""jacuzzi"": false, ""hot_tub"": false, ""occupancy"": null, ""single_use"": false, ""bed_relation"": ""unknown""}",87.17948717948718,1,1,1,0,0,0,0,0,0,0,0,1,1,0,0,1
hotel_39766989_20260722_173629,39766989,47,117,superior be romantic side seaview,Romantic Superior Room,"{""category"": ""room"", ""room_class"": ""superior"", ""suite_type"": ""not_applicable"", ""club_access"": false, ""view"": ""partial_sea"", ""balcony"": false, ""terrace"": false, ""dormitory_bed_count"": null, ""dormitory_type"": ""not_applicable"", ""bed_type"": ""unknown"", ""bedroom_count"": null, ""bed_configuration"": [], ""connecting_room"": false, ""swim_up"": false, ""annex"": false, ""jacuzzi"": false, ""hot_tub"": false, ""occupancy"": null, ""single_use"": false, ""bed_relation"": ""unknown""}","{""category"": ""room"", ""room_class"": ""superior"", ""suite_type"": ""not_applicable"", ""club_access"": false, ""view"": ""unknown"", ""balcony"": false, ""terrace"": false, ""dormitory_bed_count"": null, ""dormitory_type"": ""not_applicable"", ""bed_type"": ""unknown"", ""bedroom_count"": null, ""bed_configuration"": [], ""connecting_room"": false, ""swim_up"": false, ""annex"": false, ""jacuzzi"": false, ""hot_tub"": false, ""occupancy"": null, ""single_use"": false, ""bed_relation"": ""unknown""}",87.17948717948718,1,1,1,0,0,0,0,0,0,0,0,1,1,0,0,1
hotel_39766989_20260722_173629,39766989,4,119,Be Romantic Superior Room Side Sea View,Superior Room (Limited Sea View),"{""category"": ""room"", ""room_class"": ""superior"", ""suite_type"": ""not_applicable"", ""club_access"": false, ""view"": ""partial_sea"", ""balcony"": false, ""terrace"": false, ""dormitory_bed_count"": null, ""dormitory_type"": ""not_applicable"", ""bed_type"": ""unknown"", ""bedroom_count"": null, ""bed_configuration"": [], ""connecting_room"": false, ""swim_up"": false, ""annex"": false, ""jacuzzi"": false, ""hot_tub"": false, ""occupancy"": null, ""single_use"": false, ""bed_relation"": ""unknown""}","{""category"": ""room"", ""room_class"": ""superior"", ""suite_type"": ""not_applicable"", ""club_access"": false, ""view"": ""partial_sea"", ""balcony"": false, ""terrace"": false, ""dormitory_bed_count"": null, ""dormitory_type"": ""not_applicable"", ""bed_type"": ""unknown"", ""bedroom_count"": null, ""bed_configuration"": [], ""connecting_room"": false, ""swim_up"": false, ""annex"": false, ""jacuzzi"": false, ""hot_tub"": false, ""occupancy"": null, ""single_use"": false, ""bed_relation"": ""unknown""}",84.61538461538461,1,1,1,1,1,0,0,0,0,0,0,1,1,0,0,1
hotel_39766989_20260722_173629,39766989,53,119,be romantic superior side sea view room,Superior Room (Limited Sea View),"{""category"": ""room"", ""room_class"": ""superior"", ""suite_type"": ""not_applicable"", ""club_access"": false, ""view"": ""partial_sea"", ""balcony"": false, ""terrace"": false, ""dormitory_bed_count"": null, ""dormitory_type"": ""not_applicable"", ""bed_type"": ""unknown"", ""bedroom_count"": null, ""bed_configuration"": [], ""connecting_room"": false, ""swim_up"": false, ""annex"": false, ""jacuzzi"": false, ""hot_tub"": false, ""occupancy"": null, ""single_use"": false, ""bed_relation"": ""unknown""}","{""category"": ""room"", ""room_class"": ""superior"", ""suite_type"": ""not_applicable"", ""club_access"": false, ""view"": ""partial_sea"", ""balcony"": false, ""terrace"": false, ""dormitory_bed_count"": null, ""dormitory_type"": ""not_applicable"", ""bed_type"": ""unknown"", ""bedroom_count"": null, ""bed_configuration"": [], ""connecting_room"": false, ""swim_up"": false, ""annex"": false, ""jacuzzi"": false, ""hot_tub"": false, ""occupancy"": null, ""single_use"": false, ""bed_relation"": ""unknown""}",84.61538461538461,1,1,1,1,1,0,0,0,0,0,0,1,1,0,0,1
hotel_39766989_20260722_173629,39766989,7,19,LARGE ROOM (2AD),BE LARGE LANDVIEW DOUBLE ROOM,"{""category"": ""room"", ""room_class"": ""unknown"", ""suite_type"": ""not_applicable"", ""club_access"": false, ""view"": ""unknown"", ""balcony"": false, ""terrace"": false, ""dormitory_bed_count"": null, ""dormitory_type"": ""not_applicable"", ""bed_type"": ""unknown"", ""bedroom_count"": null, ""bed_configuration"": [], ""connecting_room"": false, ""swim_up"": false, ""annex"": false, ""jacuzzi"": false, ""hot_tub"": false, ""occupancy"": null, ""single_use"": false, ""bed_relation"": ""unknown""}","{""category"": ""room"", ""room_class"": ""unknown"", ""suite_type"": ""not_applicable"", ""club_access"": false, ""view"": ""unknown"", ""balcony"": false, ""terrace"": false, ""dormitory_bed_count"": null, ""dormitory_type"": ""not_applicable"", ""bed_type"": ""unknown"", ""bedroom_count"": null, ""bed_configuration"": [{""type"": ""double"", ""count"": null}], ""connecting_room"": false, ""swim_up"": false, ""annex"": false, ""jacuzzi"": false, ""hot_tub"": false, ""occupancy"": 2, ""single_use"": false, ""bed_relation"": ""unknown""}",100.0,1,0,0,0,0,0,0,0,0,0,0,1,1,0,0,1
hotel_39766989_20260722_173629,39766989,7,24,LARGE ROOM (2AD),DOUBLE ROOM - LARGE - LAND VIEW,"{""category"": ""room"", ""room_class"": ""unknown"", ""suite_type"": ""not_applicable"", ""club_access"": false, ""view"": ""unknown"", ""balcony"": false, ""terrace"": false, ""dormitory_bed_count"": null, ""dormitory_type"": ""not_applicable"", ""bed_type"": ""unknown"", ""bedroom_count"": null, ""bed_configuration"": [], ""connecting_room"": false, ""swim_up"": false, ""annex"": false, ""jacuzzi"": false, ""hot_tub"": false, ""occupancy"": null, ""single_use"": false, ""bed_relation"": ""unknown""}","{""category"": ""room"", ""room_class"": ""unknown"", ""suite_type"": ""not_applicable"", ""club_access"": false, ""view"": ""land"", ""balcony"": false, ""terrace"": false, ""dormitory_bed_count"": null, ""dormitory_type"": ""not_applicable"", ""bed_type"": ""unknown"", ""bedroom_count"": null, ""bed_configuration"": [{""type"": ""double"", ""count"": null}], ""connecting_room"": false, ""swim_up"": false, ""annex"": false, ""jacuzzi"": false, ""hot_tub"": false, ""occupancy"": 2, ""single_use"": false, ""bed_relation"": ""unknown""}",100.0,1,0,0,0,0,0,0,0,0,0,0,1,1,0,0,1
hotel_39766989_20260722_173629,39766989,33,19,STANDARD DOUBLE ROOM,BE LARGE LANDVIEW DOUBLE ROOM,"{""category"": ""room"", ""room_class"": ""standard"", ""suite_type"": ""not_applicable"", ""club_access"": false, ""view"": ""unknown"", ""balcony"": false, ""terrace"": false, ""dormitory_bed_count"": null, ""dormitory_type"": ""not_applicable"", ""bed_type"": ""unknown"", ""bedroom_count"": null, ""bed_configuration"": [{""type"": ""double"", ""count"": null}], ""connecting_room"": false, ""swim_up"": false, ""annex"": false, ""jacuzzi"": false, ""hot_tub"": false, ""occupancy"": 2, ""single_use"": false, ""bed_relation"": ""unknown""}","{""category"": ""room"", ""room_class"": ""unknown"", ""suite_type"": ""not_applicable"", ""club_access"": false, ""view"": ""unknown"", ""balcony"": false, ""terrace"": false, ""dormitory_bed_count"": null, ""dormitory_type"": ""not_applicable"", ""bed_type"": ""unknown"", ""bedroom_count"": null, ""bed_configuration"": [{""type"": ""double"", ""count"": null}], ""connecting_room"": false, ""swim_up"": false, ""annex"": false, ""jacuzzi"": false, ""hot_tub"": false, ""occupancy"": 2, ""single_use"": false, ""bed_relation"": ""unknown""}",70.96774193548387,1,0,0,0,0,0,0,1,1,1,1,1,1,0,0,1
hotel_39766989_20260722_173629,39766989,33,20,STANDARD DOUBLE ROOM,BE TRENDY LANDVIEW DOUBLE ROOM,"{""category"": ""room"", ""room_class"": ""standard"", ""suite_type"": ""not_applicable"", ""club_access"": false, ""view"": ""unknown"", ""balcony"": false, ""terrace"": false, ""dormitory_bed_count"": null, ""dormitory_type"": ""not_applicable"", ""bed_type"": ""unknown"", ""bedroom_count"": null, ""bed_configuration"": [{""type"": ""double"", ""count"": null}], ""connecting_room"": false, ""swim_up"": false, ""annex"": false, ""jacuzzi"": false, ""hot_tub"": false, ""occupancy"": 2, ""single_use"": false, ""bed_relation"": ""unknown""}","{""category"": ""room"", ""room_class"": ""unknown"", ""suite_type"": ""not_applicable"", ""club_access"": false, ""view"": ""unknown"", ""balcony"": false, ""terrace"": false, ""dormitory_bed_count"": null, ""dormitory_type"": ""not_applicable"", ""bed_type"": ""unknown"", ""bedroom_count"": null, ""bed_configuration"": [{""type"": ""double"", ""count"": null}], ""connecting_room"": false, ""swim_up"": false, ""annex"": false, ""jacuzzi"": false, ""hot_tub"": false, ""occupancy"": 2, ""single_use"": false, ""bed_relation"": ""unknown""}",70.96774193548387,1,0,0,0,0,0,0,1,1,1,1,1,1,0,0,1
hotel_39766989_20260722_173629,39766989,33,24,STANDARD DOUBLE ROOM,DOUBLE ROOM - LARGE - LAND VIEW,"{""category"": ""room"", ""room_class"": ""standard"", ""suite_type"": ""not_applicable"", ""club_access"": false, ""view"": ""unknown"", ""balcony"": false, ""terrace"": false, ""dormitory_bed_count"": null, ""dormitory_type"": ""not_applicable"", ""bed_type"": ""unknown"", ""bedroom_count"": null, ""bed_configuration"": [{""type"": ""double"", ""count"": null}], ""connecting_room"": false, ""swim_up"": false, ""annex"": false, ""jacuzzi"": false, ""hot_tub"": false, ""occupancy"": 2, ""single_use"": false, ""bed_relation"": ""unknown""}","{""category"": ""room"", ""room_class"": ""unknown"", ""suite_type"": ""not_applicable"", ""club_access"": false, ""view"": ""land"", ""balcony"": false, ""terrace"": false, ""dormitory_bed_count"": null, ""dormitory_type"": ""not_applicable"", ""bed_type"": ""unknown"", ""bedroom_count"": null, ""bed_configuration"": [{""type"": ""double"", ""count"": null}], ""connecting_room"": false, ""swim_up"": false, ""annex"": false, ""jacuzzi"": false, ""hot_tub"": false, ""occupancy"": 2, ""single_use"": false, ""bed_relation"": ""unknown""}",72.34042553191489,1,0,0,0,0,0,0,1,1,1,1,1,1,0,0,1
hotel_39766989_20260722_173629,39766989,33,41,STANDARD DOUBLE ROOM,DOUBLE STANDARD LAND VIEW (2AD),"{""category"": ""room"", ""room_class"": ""standard"", ""suite_type"": ""not_applicable"", ""club_access"": false, ""view"": ""unknown"", ""balcony"": false, ""terrace"": false, ""dormitory_bed_count"": null, ""dormitory_type"": ""not_applicable"", ""bed_type"": ""unknown"", ""bedroom_count"": null, ""bed_configuration"": [{""type"": ""double"", ""count"": null}], ""connecting_room"": false, ""swim_up"": false, ""annex"": false, ""jacuzzi"": false, ""hot_tub"": false, ""occupancy"": 2, ""single_use"": false, ""bed_relation"": ""unknown""}","{""category"": ""room"", ""room_class"": ""standard"", ""suite_type"": ""not_applicable"", ""club_access"": false, ""view"": ""land"", ""balcony"": false, ""terrace"": false, ""dormitory_bed_count"": null, ""dormitory_type"": ""not_applicable"", ""bed_type"": ""unknown"", ""bedroom_count"": null, ""bed_configuration"": [{""type"": ""double"", ""count"": null}], ""connecting_room"": false, ""swim_up"": false, ""annex"": false, ""jacuzzi"": false, ""hot_tub"": false, ""occupancy"": 2, ""single_use"": false, ""bed_relation"": ""unknown""}",85.71428571428571,1,1,1,0,0,0,0,1,1,1,1,1,1,0,0,1
hotel_39766989_20260722_173629,39766989,64,19,Be Trendy Double Room,BE LARGE LANDVIEW DOUBLE ROOM,"{""category"": ""room"", ""room_class"": ""unknown"", ""suite_type"": ""not_applicable"", ""club_access"": false, ""view"": ""unknown"", ""balcony"": false, ""terrace"": false, ""dormitory_bed_count"": null, ""dormitory_type"": ""not_applicable"", ""bed_type"": ""unknown"", ""bedroom_count"": null, ""bed_configuration"": [{""type"": ""double"", ""count"": null}], ""connecting_room"": false, ""swim_up"": false, ""annex"": false, ""jacuzzi"": false, ""hot_tub"": false, ""occupancy"": 2, ""single_use"": false, ""bed_relation"": ""unknown""}","{""category"": ""room"", ""room_class"": ""unknown"", ""suite_type"": ""not_applicable"", ""club_access"": false, ""view"": ""unknown"", ""balcony"": false, ""terrace"": false, ""dormitory_bed_count"": null, ""dormitory_type"": ""not_applicable"", ""bed_type"": ""unknown"", ""bedroom_count"": null, ""bed_configuration"": [{""type"": ""double"", ""count"": null}], ""connecting_room"": false, ""swim_up"": false, ""annex"": false, ""jacuzzi"": false, ""hot_tub"": false, ""occupancy"": 2, ""single_use"": false, ""bed_relation"": ""unknown""}",80.0,1,0,0,0,0,0,0,1,1,1,1,1,1,0,0,1
hotel_39766989_20260722_173629,39766989,69,20,Be Large Double Room,BE TRENDY LANDVIEW DOUBLE ROOM,"{""category"": ""room"", ""room_class"": ""unknown"", ""suite_type"": ""not_applicable"", ""club_access"": false, ""view"": ""unknown"", ""balcony"": false, ""terrace"": false, ""dormitory_bed_count"": null, ""dormitory_type"": ""not_applicable"", ""bed_type"": ""unknown"", ""bedroom_count"": null, ""bed_configuration"": [{""type"": ""double"", ""count"": null}], ""connecting_room"": false, ""swim_up"": false, ""annex"": false, ""jacuzzi"": false, ""hot_tub"": false, ""occupancy"": 2, ""single_use"": false, ""bed_relation"": ""unknown""}","{""category"": ""room"", ""room_class"": ""unknown"", ""suite_type"": ""not_applicable"", ""club_access"": false, ""view"": ""unknown"", ""balcony"": false, ""terrace"": false, ""dormitory_bed_count"": null, ""dormitory_type"": ""not_applicable"", ""bed_type"": ""unknown"", ""bedroom_count"": null, ""bed_configuration"": [{""type"": ""double"", ""count"": null}], ""connecting_room"": false, ""swim_up"": false, ""annex"": false, ""jacuzzi"": false, ""hot_tub"": false, ""occupancy"": 2, ""single_use"": false, ""bed_relation"": ""unknown""}",82.35294117647058,1,0,0,0,0,0,0,1,1,1,1,1,1,0,0,1
hotel_39766989_20260722_173629,39766989,69,22,Be Large Double Room,"ROOM, DOUBLE BED, LAND VIEW, LARGE","{""category"": ""room"", ""room_class"": ""unknown"", ""suite_type"": ""not_applicable"", ""club_access"": false, ""view"": ""unknown"", ""balcony"": false, ""terrace"": false, ""dormitory_bed_count"": null, ""dormitory_type"": ""not_applicable"", ""bed_type"": ""unknown"", ""bedroom_count"": null, ""bed_configuration"": [{""type"": ""double"", ""count"": null}], ""connecting_room"": false, ""swim_up"": false, ""annex"": false, ""jacuzzi"": false, ""hot_tub"": false, ""occupancy"": 2, ""single_use"": false, ""bed_relation"": ""unknown""}","{""category"": ""room"", ""room_class"": ""unknown"", ""suite_type"": ""not_applicable"", ""club_access"": false, ""view"": ""land"", ""balcony"": false, ""terrace"": false, ""dormitory_bed_count"": null, ""dormitory_type"": ""not_applicable"", ""bed_type"": ""unknown"", ""bedroom_count"": null, ""bed_configuration"": [{""type"": ""double"", ""count"": null}], ""connecting_room"": false, ""swim_up"": false, ""annex"": false, ""jacuzzi"": false, ""hot_tub"": false, ""occupancy"": 2, ""single_use"": false, ""bed_relation"": ""unknown""}",91.89189189189187,1,0,0,0,0,0,0,1,1,1,1,1,1,0,0,1
hotel_39766989_20260722_173629,39766989,69,24,Be Large Double Room,DOUBLE ROOM - LARGE - LAND VIEW,"{""category"": ""room"", ""room_class"": ""unknown"", ""suite_type"": ""not_applicable"", ""club_access"": false, ""view"": ""unknown"", ""balcony"": false, ""terrace"": false, ""dormitory_bed_count"": null, ""dormitory_type"": ""not_applicable"", ""bed_type"": ""unknown"", ""bedroom_count"": null, ""bed_configuration"": [{""type"": ""double"", ""count"": null}], ""connecting_room"": false, ""swim_up"": false, ""annex"": false, ""jacuzzi"": false, ""hot_tub"": false, ""occupancy"": 2, ""single_use"": false, ""bed_relation"": ""unknown""}","{""category"": ""room"", ""room_class"": ""unknown"", ""suite_type"": ""not_applicable"", ""club_access"": false, ""view"": ""land"", ""balcony"": false, ""terrace"": false, ""dormitory_bed_count"": null, ""dormitory_type"": ""not_applicable"", ""bed_type"": ""unknown"", ""bedroom_count"": null, ""bed_configuration"": [{""type"": ""double"", ""count"": null}], ""connecting_room"": false, ""swim_up"": false, ""annex"": false, ""jacuzzi"": false, ""hot_tub"": false, ""occupancy"": 2, ""single_use"": false, ""bed_relation"": ""unknown""}",91.89189189189187,1,0,0,0,0,0,0,1,1,1,1,1,1,0,0,1
hotel_39766989_20260722_173629,39766989,69,97,Be Large Double Room,Standard Double Room (Land View),"{""category"": ""room"", ""room_class"": ""unknown"", ""suite_type"": ""not_applicable"", ""club_access"": false, ""view"": ""unknown"", ""balcony"": false, ""terrace"": false, ""dormitory_bed_count"": null, ""dormitory_type"": ""not_applicable"", ""bed_type"": ""unknown"", ""bedroom_count"": null, ""bed_configuration"": [{""type"": ""double"", ""count"": null}], ""connecting_room"": false, ""swim_up"": false, ""annex"": false, ""jacuzzi"": false, ""hot_tub"": false, ""occupancy"": 2, ""single_use"": false, ""bed_relation"": ""unknown""}","{""category"": ""room"", ""room_class"": ""standard"", ""suite_type"": ""not_applicable"", ""club_access"": false, ""view"": ""land"", ""balcony"": false, ""terrace"": false, ""dormitory_bed_count"": null, ""dormitory_type"": ""not_applicable"", ""bed_type"": ""unknown"", ""bedroom_count"": null, ""bed_configuration"": [{""type"": ""double"", ""count"": null}], ""connecting_room"": false, ""swim_up"": false, ""annex"": false, ""jacuzzi"": false, ""hot_tub"": false, ""occupancy"": 2, ""single_use"": false, ""bed_relation"": ""unknown""}",70.96774193548387,1,0,0,0,0,0,0,1,1,1,1,1,1,0,0,1
hotel_39766989_20260722_173629,39766989,107,20,Large Double Room,BE TRENDY LANDVIEW DOUBLE ROOM,"{""category"": ""room"", ""room_class"": ""unknown"", ""suite_type"": ""not_applicable"", ""club_access"": false, ""view"": ""unknown"", ""balcony"": false, ""terrace"": false, ""dormitory_bed_count"": null, ""dormitory_type"": ""not_applicable"", ""bed_type"": ""unknown"", ""bedroom_count"": null, ""bed_configuration"": [{""type"": ""double"", ""count"": null}], ""connecting_room"": false, ""swim_up"": false, ""annex"": false, ""jacuzzi"": false, ""hot_tub"": false, ""occupancy"": 2, ""single_use"": false, ""bed_relation"": ""unknown""}","{""category"": ""room"", ""room_class"": ""unknown"", ""suite_type"": ""not_applicable"", ""club_access"": false, ""view"": ""unknown"", ""balcony"": false, ""terrace"": false, ""dormitory_bed_count"": null, ""dormitory_type"": ""not_applicable"", ""bed_type"": ""unknown"", ""bedroom_count"": null, ""bed_configuration"": [{""type"": ""double"", ""count"": null}], ""connecting_room"": false, ""swim_up"": false, ""annex"": false, ""jacuzzi"": false, ""hot_tub"": false, ""occupancy"": 2, ""single_use"": false, ""bed_relation"": ""unknown""}",78.57142857142857,1,0,0,0,0,0,0,1,1,1,1,1,1,0,0,1
hotel_39766989_20260722_173629,39766989,107,22,Large Double Room,"ROOM, DOUBLE BED, LAND VIEW, LARGE","{""category"": ""room"", ""room_class"": ""unknown"", ""suite_type"": ""not_applicable"", ""club_access"": false, ""view"": ""unknown"", ""balcony"": false, ""terrace"": false, ""dormitory_bed_count"": null, ""dormitory_type"": ""not_applicable"", ""bed_type"": ""unknown"", ""bedroom_count"": null, ""bed_configuration"": [{""type"": ""double"", ""count"": null}], ""connecting_room"": false, ""swim_up"": false, ""annex"": false, ""jacuzzi"": false, ""hot_tub"": false, ""occupancy"": 2, ""single_use"": false, ""bed_relation"": ""unknown""}","{""category"": ""room"", ""room_class"": ""unknown"", ""suite_type"": ""not_applicable"", ""club_access"": false, ""view"": ""land"", ""balcony"": false, ""terrace"": false, ""dormitory_bed_count"": null, ""dormitory_type"": ""not_applicable"", ""bed_type"": ""unknown"", ""bedroom_count"": null, ""bed_configuration"": [{""type"": ""double"", ""count"": null}], ""connecting_room"": false, ""swim_up"": false, ""annex"": false, ""jacuzzi"": false, ""hot_tub"": false, ""occupancy"": 2, ""single_use"": false, ""bed_relation"": ""unknown""}",100.0,1,0,0,0,0,0,0,1,1,1,1,1,1,0,0,1
hotel_39766989_20260722_173629,39766989,107,97,Large Double Room,Standard Double Room (Land View),"{""category"": ""room"", ""room_class"": ""unknown"", ""suite_type"": ""not_applicable"", ""club_access"": false, ""view"": ""unknown"", ""balcony"": false, ""terrace"": false, ""dormitory_bed_count"": null, ""dormitory_type"": ""not_applicable"", ""bed_type"": ""unknown"", ""bedroom_count"": null, ""bed_configuration"": [{""type"": ""double"", ""count"": null}], ""connecting_room"": false, ""swim_up"": false, ""annex"": false, ""jacuzzi"": false, ""hot_tub"": false, ""occupancy"": 2, ""single_use"": false, ""bed_relation"": ""unknown""}","{""category"": ""room"", ""room_class"": ""standard"", ""suite_type"": ""not_applicable"", ""club_access"": false, ""view"": ""land"", ""balcony"": false, ""terrace"": false, ""dormitory_bed_count"": null, ""dormitory_type"": ""not_applicable"", ""bed_type"": ""unknown"", ""bedroom_count"": null, ""bed_configuration"": [{""type"": ""double"", ""count"": null}], ""connecting_room"": false, ""swim_up"": false, ""annex"": false, ""jacuzzi"": false, ""hot_tub"": false, ""occupancy"": 2, ""single_use"": false, ""bed_relation"": ""unknown""}",78.57142857142857,1,0,0,0,0,0,0,1,1,1,1,1,1,0,0,1
hotel_39766989_20260722_173629,39766989,33,25,STANDARD DOUBLE ROOM,DOUBLE ROOM - SINGLE USE - LAND VIEW,"{""category"": ""room"", ""room_class"": ""standard"", ""suite_type"": ""not_applicable"", ""club_access"": false, ""view"": ""unknown"", ""balcony"": false, ""terrace"": false, ""dormitory_bed_count"": null, ""dormitory_type"": ""not_applicable"", ""bed_type"": ""unknown"", ""bedroom_count"": null, ""bed_configuration"": [{""type"": ""double"", ""count"": null}], ""connecting_room"": false, ""swim_up"": false, ""annex"": false, ""jacuzzi"": false, ""hot_tub"": false, ""occupancy"": 2, ""single_use"": false, ""bed_relation"": ""unknown""}","{""category"": ""room"", ""room_class"": ""unknown"", ""suite_type"": ""not_applicable"", ""club_access"": false, ""view"": ""land"", ""balcony"": false, ""terrace"": false, ""dormitory_bed_count"": null, ""dormitory_type"": ""not_applicable"", ""bed_type"": ""unknown"", ""bedroom_count"": null, ""bed_configuration"": [{""type"": ""double"", ""count"": null}], ""connecting_room"": false, ""swim_up"": false, ""annex"": false, ""jacuzzi"": false, ""hot_tub"": false, ""occupancy"": 2, ""single_use"": true, ""bed_relation"": ""unknown""}",70.96774193548387,1,0,0,0,0,0,0,1,1,1,1,0,1,0,0,1
hotel_39766989_20260722_173629,39766989,69,25,Be Large Double Room,DOUBLE ROOM - SINGLE USE - LAND VIEW,"{""category"": ""room"", ""room_class"": ""unknown"", ""suite_type"": ""not_applicable"", ""club_access"": false, ""view"": ""unknown"", ""balcony"": false, ""terrace"": false, ""dormitory_bed_count"": null, ""dormitory_type"": ""not_applicable"", ""bed_type"": ""unknown"", ""bedroom_count"": null, ""bed_configuration"": [{""type"": ""double"", ""count"": null}], ""connecting_room"": false, ""swim_up"": false, ""annex"": false, ""jacuzzi"": false, ""hot_tub"": false, ""occupancy"": 2, ""single_use"": false, ""bed_relation"": ""unknown""}","{""category"": ""room"", ""room_class"": ""unknown"", ""suite_type"": ""not_applicable"", ""club_access"": false, ""view"": ""land"", ""balcony"": false, ""terrace"": false, ""dormitory_bed_count"": null, ""dormitory_type"": ""not_applicable"", ""bed_type"": ""unknown"", ""bedroom_count"": null, ""bed_configuration"": [{""type"": ""double"", ""count"": null}], ""connecting_room"": false, ""swim_up"": false, ""annex"": false, ""jacuzzi"": false, ""hot_tub"": false, ""occupancy"": 2, ""single_use"": true, ""bed_relation"": ""unknown""}",70.96774193548387,1,0,0,0,0,0,0,1,1,1,1,0,1,0,0,1
hotel_39766989_20260722_173629,39766989,107,25,Large Double Room,DOUBLE ROOM - SINGLE USE - LAND VIEW,"{""category"": ""room"", ""room_class"": ""unknown"", ""suite_type"": ""not_applicable"", ""club_access"": false, ""view"": ""unknown"", ""balcony"": false, ""terrace"": false, ""dormitory_bed_count"": null, ""dormitory_type"": ""not_applicable"", ""bed_type"": ""unknown"", ""bedroom_count"": null, ""bed_configuration"": [{""type"": ""double"", ""count"": null}], ""connecting_room"": false, ""swim_up"": false, ""annex"": false, ""jacuzzi"": false, ""hot_tub"": false, ""occupancy"": 2, ""single_use"": false, ""bed_relation"": ""unknown""}","{""category"": ""room"", ""room_class"": ""unknown"", ""suite_type"": ""not_applicable"", ""club_access"": false, ""view"": ""land"", ""balcony"": false, ""terrace"": false, ""dormitory_bed_count"": null, ""dormitory_type"": ""not_applicable"", ""bed_type"": ""unknown"", ""bedroom_count"": null, ""bed_configuration"": [{""type"": ""double"", ""count"": null}], ""connecting_room"": false, ""swim_up"": false, ""annex"": false, ""jacuzzi"": false, ""hot_tub"": false, ""occupancy"": 2, ""single_use"": true, ""bed_relation"": ""unknown""}",78.57142857142857,1,0,0,0,0,0,0,1,1,1,1,0,1,0,0,1
hotel_39766989_20260722_173629,39766989,7,68,LARGE ROOM (2AD),Standard Large Room,"{""category"": ""room"", ""room_class"": ""unknown"", ""suite_type"": ""not_applicable"", ""club_access"": false, ""view"": ""unknown"", ""balcony"": false, ""terrace"": false, ""dormitory_bed_count"": null, ""dormitory_type"": ""not_applicable"", ""bed_type"": ""unknown"", ""bedroom_count"": null, ""bed_configuration"": [], ""connecting_room"": false, ""swim_up"": false, ""annex"": false, ""jacuzzi"": false, ""hot_tub"": false, ""occupancy"": null, ""single_use"": false, ""bed_relation"": ""unknown""}","{""category"": ""room"", ""room_class"": ""standard"", ""suite_type"": ""not_applicable"", ""club_access"": false, ""view"": ""unknown"", ""balcony"": false, ""terrace"": false, ""dormitory_bed_count"": null, ""dormitory_type"": ""not_applicable"", ""bed_type"": ""unknown"", ""bedroom_count"": null, ""bed_configuration"": [], ""connecting_room"": false, ""swim_up"": false, ""annex"": false, ""jacuzzi"": false, ""hot_tub"": false, ""occupancy"": null, ""single_use"": false, ""bed_relation"": ""unknown""}",100.0,1,0,0,0,0,0,0,0,0,0,0,1,1,0,0,1
hotel_39766989_20260722_173629,39766989,17,113,DOUBLE BE LARGE ROOM WITH BALCONY,Superior Double Room (Limited Sea View) with Balcony,"{""category"": ""room"", ""room_class"": ""unknown"", ""suite_type"": ""not_applicable"", ""club_access"": false, ""view"": ""unknown"", ""balcony"": true, ""terrace"": false, ""dormitory_bed_count"": null, ""dormitory_type"": ""not_applicable"", ""bed_type"": ""unknown"", ""bedroom_count"": null, ""bed_configuration"": [{""type"": ""double"", ""count"": null}], ""connecting_room"": false, ""swim_up"": false, ""annex"": false, ""jacuzzi"": false, ""hot_tub"": false, ""occupancy"": 2, ""single_use"": false, ""bed_relation"": ""unknown""}","{""category"": ""room"", ""room_class"": ""superior"", ""suite_type"": ""not_applicable"", ""club_access"": false, ""view"": ""partial_sea"", ""balcony"": true, ""terrace"": false, ""dormitory_bed_count"": null, ""dormitory_type"": ""not_applicable"", ""bed_type"": ""unknown"", ""bedroom_count"": null, ""bed_configuration"": [{""type"": ""double"", ""count"": null}], ""connecting_room"": false, ""swim_up"": false, ""annex"": false, ""jacuzzi"": false, ""hot_tub"": false, ""occupancy"": 2, ""single_use"": false, ""bed_relation"": ""unknown""}",84.21052631578948,1,0,0,0,0,0,0,1,1,1,1,1,1,0,0,1
hotel_39766989_20260722_173629,39766989,18,113,DOUBLE BE TRENDY ROOM WITH BALCONY,Superior Double Room (Limited Sea View) with Balcony,"{""category"": ""room"", ""room_class"": ""unknown"", ""suite_type"": ""not_applicable"", ""club_access"": false, ""view"": ""unknown"", ""balcony"": true, ""terrace"": false, ""dormitory_bed_count"": null, ""dormitory_type"": ""not_applicable"", ""bed_type"": ""unknown"", ""bedroom_count"": null, ""bed_configuration"": [{""type"": ""double"", ""count"": null}], ""connecting_room"": false, ""swim_up"": false, ""annex"": false, ""jacuzzi"": false, ""hot_tub"": false, ""occupancy"": 2, ""single_use"": false, ""bed_relation"": ""unknown""}","{""category"": ""room"", ""room_class"": ""superior"", ""suite_type"": ""not_applicable"", ""club_access"": false, ""view"": ""partial_sea"", ""balcony"": true, ""terrace"": false, ""dormitory_bed_count"": null, ""dormitory_type"": ""not_applicable"", ""bed_type"": ""unknown"", ""bedroom_count"": null, ""bed_configuration"": [{""type"": ""double"", ""count"": null}], ""connecting_room"": false, ""swim_up"": false, ""annex"": false, ""jacuzzi"": false, ""hot_tub"": false, ""occupancy"": 2, ""single_use"": false, ""bed_relation"": ""unknown""}",82.75862068965517,1,0,0,0,0,0,0,1,1,1,1,1,1,0,0,1
hotel_39766989_20260722_173629,39766989,106,113,Large Double Room with Balcony,Superior Double Room (Limited Sea View) with Balcony,"{""category"": ""room"", ""room_class"": ""unknown"", ""suite_type"": ""not_applicable"", ""club_access"": false, ""view"": ""unknown"", ""balcony"": true, ""terrace"": false, ""dormitory_bed_count"": null, ""dormitory_type"": ""not_applicable"", ""bed_type"": ""unknown"", ""bedroom_count"": null, ""bed_configuration"": [{""type"": ""double"", ""count"": null}], ""connecting_room"": false, ""swim_up"": false, ""annex"": false, ""jacuzzi"": false, ""hot_tub"": false, ""occupancy"": 2, ""single_use"": false, ""bed_relation"": ""unknown""}","{""category"": ""room"", ""room_class"": ""superior"", ""suite_type"": ""not_applicable"", ""club_access"": false, ""view"": ""partial_sea"", ""balcony"": true, ""terrace"": false, ""dormitory_bed_count"": null, ""dormitory_type"": ""not_applicable"", ""bed_type"": ""unknown"", ""bedroom_count"": null, ""bed_configuration"": [{""type"": ""double"", ""count"": null}], ""connecting_room"": false, ""swim_up"": false, ""annex"": false, ""jacuzzi"": false, ""hot_tub"": false, ""occupancy"": 2, ""single_use"": false, ""bed_relation"": ""unknown""}",88.88888888888889,1,0,0,0,0,0,0,1,1,1,1,1,1,0,0,1
hotel_39766989_20260722_173629,39766989,22,23,"ROOM, DOUBLE BED, LAND VIEW, LARGE","ROOM, SINGLE, DOUBLE BED, LAND VIEW","{""category"": ""room"", ""room_class"": ""unknown"", ""suite_type"": ""not_applicable"", ""club_access"": false, ""view"": ""land"", ""balcony"": false, ""terrace"": false, ""dormitory_bed_count"": null, ""dormitory_type"": ""not_applicable"", ""bed_type"": ""unknown"", ""bedroom_count"": null, ""bed_configuration"": [{""type"": ""double"", ""count"": null}], ""connecting_room"": false, ""swim_up"": false, ""annex"": false, ""jacuzzi"": false, ""hot_tub"": false, ""occupancy"": 2, ""single_use"": false, ""bed_relation"": ""unknown""}","{""category"": ""room"", ""room_class"": ""unknown"", ""suite_type"": ""not_applicable"", ""club_access"": false, ""view"": ""land"", ""balcony"": false, ""terrace"": false, ""dormitory_bed_count"": null, ""dormitory_type"": ""not_applicable"", ""bed_type"": ""unknown"", ""bedroom_count"": null, ""bed_configuration"": [{""type"": ""double"", ""count"": null}], ""connecting_room"": false, ""swim_up"": false, ""annex"": false, ""jacuzzi"": false, ""hot_tub"": false, ""occupancy"": 2, ""single_use"": false, ""bed_relation"": ""unknown""}",89.28571428571429,1,0,0,1,1,0,0,1,1,1,1,1,1,0,0,1
hotel_39766989_20260722_173629,39766989,24,25,DOUBLE ROOM - LARGE - LAND VIEW,DOUBLE ROOM - SINGLE USE - LAND VIEW,"{""category"": ""room"", ""room_class"": ""unknown"", ""suite_type"": ""not_applicable"", ""club_access"": false, ""view"": ""land"", ""balcony"": false, ""terrace"": false, ""dormitory_bed_count"": null, ""dormitory_type"": ""not_applicable"", ""bed_type"": ""unknown"", ""bedroom_count"": null, ""bed_configuration"": [{""type"": ""double"", ""count"": null}], ""connecting_room"": false, ""swim_up"": false, ""annex"": false, ""jacuzzi"": false, ""hot_tub"": false, ""occupancy"": 2, ""single_use"": false, ""bed_relation"": ""unknown""}","{""category"": ""room"", ""room_class"": ""unknown"", ""suite_type"": ""not_applicable"", ""club_access"": false, ""view"": ""land"", ""balcony"": false, ""terrace"": false, ""dormitory_bed_count"": null, ""dormitory_type"": ""not_applicable"", ""bed_type"": ""unknown"", ""bedroom_count"": null, ""bed_configuration"": [{""type"": ""double"", ""count"": null}], ""connecting_room"": false, ""swim_up"": false, ""annex"": false, ""jacuzzi"": false, ""hot_tub"": false, ""occupancy"": 2, ""single_use"": true, ""bed_relation"": ""unknown""}",87.5,1,0,0,1,1,0,0,1,1,1,1,0,1,0,0,1
hotel_39766989_20260722_173629,39766989,24,23,DOUBLE ROOM - LARGE - LAND VIEW,"ROOM, SINGLE, DOUBLE BED, LAND VIEW","{""category"": ""room"", ""room_class"": ""unknown"", ""suite_type"": ""not_applicable"", ""club_access"": false, ""view"": ""land"", ""balcony"": false, ""terrace"": false, ""dormitory_bed_count"": null, ""dormitory_type"": ""not_applicable"", ""bed_type"": ""unknown"", ""bedroom_count"": null, ""bed_configuration"": [{""type"": ""double"", ""count"": null}], ""connecting_room"": false, ""swim_up"": false, ""annex"": false, ""jacuzzi"": false, ""hot_tub"": false, ""occupancy"": 2, ""single_use"": false, ""bed_relation"": ""unknown""}","{""category"": ""room"", ""room_class"": ""unknown"", ""suite_type"": ""not_applicable"", ""club_access"": false, ""view"": ""land"", ""balcony"": false, ""terrace"": false, ""dormitory_bed_count"": null, ""dormitory_type"": ""not_applicable"", ""bed_type"": ""unknown"", ""bedroom_count"": null, ""bed_configuration"": [{""type"": ""double"", ""count"": null}], ""connecting_room"": false, ""swim_up"": false, ""annex"": false, ""jacuzzi"": false, ""hot_tub"": false, ""occupancy"": 2, ""single_use"": false, ""bed_relation"": ""unknown""}",87.5,1,0,0,1,1,0,0,1,1,1,1,1,1,0,0,1
hotel_39766989_20260722_173629,39766989,97,25,Standard Double Room (Land View),DOUBLE ROOM - SINGLE USE - LAND VIEW,"{""category"": ""room"", ""room_class"": ""standard"", ""suite_type"": ""not_applicable"", ""club_access"": false, ""view"": ""land"", ""balcony"": false, ""terrace"": false, ""dormitory_bed_count"": null, ""dormitory_type"": ""not_applicable"", ""bed_type"": ""unknown"", ""bedroom_count"": null, ""bed_configuration"": [{""type"": ""double"", ""count"": null}], ""connecting_room"": false, ""swim_up"": false, ""annex"": false, ""jacuzzi"": false, ""hot_tub"": false, ""occupancy"": 2, ""single_use"": false, ""bed_relation"": ""unknown""}","{""category"": ""room"", ""room_class"": ""unknown"", ""suite_type"": ""not_applicable"", ""club_access"": false, ""view"": ""land"", ""balcony"": false, ""terrace"": false, ""dormitory_bed_count"": null, ""dormitory_type"": ""not_applicable"", ""bed_type"": ""unknown"", ""bedroom_count"": null, ""bed_configuration"": [{""type"": ""double"", ""count"": null}], ""connecting_room"": false, ""swim_up"": false, ""annex"": false, ""jacuzzi"": false, ""hot_tub"": false, ""occupancy"": 2, ""single_use"": true, ""bed_relation"": ""unknown""}",82.35294117647058,1,0,0,1,1,0,0,1,1,1,1,0,1,0,0,1
hotel_39766989_20260722_173629,39766989,97,23,Standard Double Room (Land View),"ROOM, SINGLE, DOUBLE BED, LAND VIEW","{""category"": ""room"", ""room_class"": ""standard"", ""suite_type"": ""not_applicable"", ""club_access"": false, ""view"": ""land"", ""balcony"": false, ""terrace"": false, ""dormitory_bed_count"": null, ""dormitory_type"": ""not_applicable"", ""bed_type"": ""unknown"", ""bedroom_count"": null, ""bed_configuration"": [{""type"": ""double"", ""count"": null}], ""connecting_room"": false, ""swim_up"": false, ""annex"": false, ""jacuzzi"": false, ""hot_tub"": false, ""occupancy"": 2, ""single_use"": false, ""bed_relation"": ""unknown""}","{""category"": ""room"", ""room_class"": ""unknown"", ""suite_type"": ""not_applicable"", ""club_access"": false, ""view"": ""land"", ""balcony"": false, ""terrace"": false, ""dormitory_bed_count"": null, ""dormitory_type"": ""not_applicable"", ""bed_type"": ""unknown"", ""bedroom_count"": null, ""bed_configuration"": [{""type"": ""double"", ""count"": null}], ""connecting_room"": false, ""swim_up"": false, ""annex"": false, ""jacuzzi"": false, ""hot_tub"": false, ""occupancy"": 2, ""single_use"": false, ""bed_relation"": ""unknown""}",82.35294117647058,1,0,0,1,1,0,0,1,1,1,1,1,1,0,0,1
hotel_39766989_20260722_173629,39766989,41,96,DOUBLE STANDARD LAND VIEW (2AD),Standard Double or Twin Room (Land View),"{""category"": ""room"", ""room_class"": ""standard"", ""suite_type"": ""not_applicable"", ""club_access"": false, ""view"": ""land"", ""balcony"": false, ""terrace"": false, ""dormitory_bed_count"": null, ""dormitory_type"": ""not_applicable"", ""bed_type"": ""unknown"", ""bedroom_count"": null, ""bed_configuration"": [{""type"": ""double"", ""count"": null}], ""connecting_room"": false, ""swim_up"": false, ""annex"": false, ""jacuzzi"": false, ""hot_tub"": false, ""occupancy"": 2, ""single_use"": false, ""bed_relation"": ""unknown""}","{""category"": ""room"", ""room_class"": ""standard"", ""suite_type"": ""not_applicable"", ""club_access"": false, ""view"": ""land"", ""balcony"": false, ""terrace"": false, ""dormitory_bed_count"": null, ""dormitory_type"": ""not_applicable"", ""bed_type"": ""unknown"", ""bedroom_count"": null, ""bed_configuration"": [{""type"": ""double"", ""count"": null}, {""type"": ""twin"", ""count"": null}], ""connecting_room"": false, ""swim_up"": false, ""annex"": false, ""jacuzzi"": false, ""hot_tub"": false, ""occupancy"": 2, ""single_use"": false, ""bed_relation"": ""alternative""}",100.0,1,1,1,1,1,0,0,1,0,1,1,1,1,0,0,1
hotel_39766989_20260722_173629,39766989,28,84,FAMILY ROOM - LATERAL SEA VIEW,Family Standard 2 Bedrooms Lateral Sea View,"{""category"": ""family"", ""room_class"": ""unknown"", ""suite_type"": ""not_applicable"", ""club_access"": false, ""view"": ""lateral_sea"", ""balcony"": false, ""terrace"": false, ""dormitory_bed_count"": null, ""dormitory_type"": ""not_applicable"", ""bed_type"": ""unknown"", ""bedroom_count"": null, ""bed_configuration"": [], ""connecting_room"": false, ""swim_up"": false, ""annex"": false, ""jacuzzi"": false, ""hot_tub"": false, ""occupancy"": null, ""single_use"": false, ""bed_relation"": ""unknown""}","{""category"": ""family"", ""room_class"": ""standard"", ""suite_type"": ""not_applicable"", ""club_access"": false, ""view"": ""lateral_sea"", ""balcony"": false, ""terrace"": false, ""dormitory_bed_count"": null, ""dormitory_type"": ""not_applicable"", ""bed_type"": ""unknown"", ""bedroom_count"": 2, ""bed_configuration"": [], ""connecting_room"": false, ""swim_up"": false, ""annex"": false, ""jacuzzi"": false, ""hot_tub"": false, ""occupancy"": null, ""single_use"": false, ""bed_relation"": ""unknown""}",90.19607843137254,1,0,0,1,1,0,0,0,0,0,0,1,1,0,0,1
hotel_39766989_20260722_173629,39766989,27,84,FAMILY ROOM - 2 ROOMS - LATERAL SEA VIEW,Family Standard 2 Bedrooms Lateral Sea View,"{""category"": ""family"", ""room_class"": ""unknown"", ""suite_type"": ""not_applicable"", ""club_access"": false, ""view"": ""lateral_sea"", ""balcony"": false, ""terrace"": false, ""dormitory_bed_count"": null, ""dormitory_type"": ""not_applicable"", ""bed_type"": ""unknown"", ""bedroom_count"": null, ""bed_configuration"": [], ""connecting_room"": false, ""swim_up"": false, ""annex"": false, ""jacuzzi"": false, ""hot_tub"": false, ""occupancy"": null, ""single_use"": false, ""bed_relation"": ""unknown""}","{""category"": ""family"", ""room_class"": ""standard"", ""suite_type"": ""not_applicable"", ""club_access"": false, ""view"": ""lateral_sea"", ""balcony"": false, ""terrace"": false, ""dormitory_bed_count"": null, ""dormitory_type"": ""not_applicable"", ""bed_type"": ""unknown"", ""bedroom_count"": 2, ""bed_configuration"": [], ""connecting_room"": false, ""swim_up"": false, ""annex"": false, ""jacuzzi"": false, ""hot_tub"": false, ""occupancy"": null, ""single_use"": false, ""bed_relation"": ""unknown""}",81.9672131147541,1,0,0,1,1,0,0,0,0,0,0,1,1,0,0,1
hotel_39766989_20260722_173629,39766989,57,58,be family loft land view,be family suite b land view,"{""category"": ""family"", ""room_class"": ""unknown"", ""suite_type"": ""not_applicable"", ""club_access"": false, ""view"": ""land"", ""balcony"": false, ""terrace"": false, ""dormitory_bed_count"": null, ""dormitory_type"": ""not_applicable"", ""bed_type"": ""unknown"", ""bedroom_count"": null, ""bed_configuration"": [], ""connecting_room"": false, ""swim_up"": false, ""annex"": false, ""jacuzzi"": false, ""hot_tub"": false, ""occupancy"": null, ""single_use"": false, ""bed_relation"": ""unknown""}","{""category"": ""family"", ""room_class"": ""unknown"", ""suite_type"": ""family"", ""club_access"": false, ""view"": ""land"", ""balcony"": false, ""terrace"": false, ""dormitory_bed_count"": null, ""dormitory_type"": ""not_applicable"", ""bed_type"": ""unknown"", ""bedroom_count"": null, ""bed_configuration"": [], ""connecting_room"": false, ""swim_up"": false, ""annex"": false, ""jacuzzi"": false, ""hot_tub"": false, ""occupancy"": null, ""single_use"": false, ""bed_relation"": ""unknown""}",88.37209302325581,1,0,0,1,1,0,0,0,0,0,0,1,1,0,0,1
hotel_39766989_20260722_173629,39766989,72,74,Be Romantic Room Land View,Be Romantic Room Sea Side View,"{""category"": ""room"", ""room_class"": ""unknown"", ""suite_type"": ""not_applicable"", ""club_access"": false, ""view"": ""land"", ""balcony"": false, ""terrace"": false, ""dormitory_bed_count"": null, ""dormitory_type"": ""not_applicable"", ""bed_type"": ""unknown"", ""bedroom_count"": null, ""bed_configuration"": [], ""connecting_room"": false, ""swim_up"": false, ""annex"": false, ""jacuzzi"": false, ""hot_tub"": false, ""occupancy"": null, ""single_use"": false, ""bed_relation"": ""unknown""}","{""category"": ""room"", ""room_class"": ""unknown"", ""suite_type"": ""not_applicable"", ""club_access"": false, ""view"": ""unknown"", ""balcony"": false, ""terrace"": false, ""dormitory_bed_count"": null, ""dormitory_type"": ""not_applicable"", ""bed_type"": ""unknown"", ""bedroom_count"": null, ""bed_configuration"": [], ""connecting_room"": false, ""swim_up"": false, ""annex"": false, ""jacuzzi"": false, ""hot_tub"": false, ""occupancy"": null, ""single_use"": false, ""bed_relation"": ""unknown""}",89.36170212765957,1,0,0,0,0,0,0,0,0,0,0,1,1,0,0,1
